3057,2019,SELF,103378,3057,WANAMI,LILIAN,MULONGO,"+254 701-866-886",iwanami@fidelityshield.com,28733149,2243,40100,3,113,2243,40100,3,113,1,4,11,2,1998-09-09,2,Pro_forma_Invoice2.pdf
5740,2019,SELF,103379,5740,CHIRCHIR,SAMMY,NONE,"+254 714-803-330",sammychirchir15@gmail.com,11826515,184,20108,4,113,184,20108,4,113,2,1,18,2,1998-09-09,2,Pro_forma_Invoice2.pdf
11421,2019,MSA-C,103380,11421,MWAKIO,DURRANT,KILELU,"+254 710-959-559",dkmwakio@yahoo.co.uk,8389618,41804,80100,2,113,41804,80100,2,113,2,1,7,2,1998-09-09,2,Pro_forma_Invoice2.pdf
19882,2019,ODEL,103381,19882,KABURI,PAUL,MBATIA,"+254 724-496-782",kpaulmbatia@yahoo.com,26148310,634,10200,1,113,634,10200,1,113,2,1,1,2,1998-09-09,2,Pro_forma_Invoice2.pdf
20515,2019,DIRECTLINE,103382,20515,MWANGI,TABBY,NYAMBURA,"+254 721-893-650",tnyambura2001@yahoo.com,22657845,463,90100,13,113,463,90100,13,113,1,4,68,2,1998-09-09,2,Pro_forma_Invoice2.pdf
20701,2019,CITADEL,103383,20701,NDAMBUKI,GLADYS,NDUNGWA,"+254 720-330-696",gladysshly@yahoo.com,24585766,68871,610,1,113,68871,610,1,113,1,4,1,2,1998-09-09,2,Pro_forma_Invoice2.pdf
21827,2019,SELF,103384,21827,KABUE,MARYANNE,WAMBUI,"+254 722-587-093",mawambui@yahoo.com,20921831,24809,502,1,113,24809,502,1,113,1,4,1,2,1998-09-09,2,Pro_forma_Invoice2.pdf
21866,2019,ODEL,103385,21866,NYABERA,NYAMORAMBO,JAMES,"+254 711-536-569",dummy1@gmail.com,26645422,213,200,36,113,213,200,36,113,2,1,227,2,1998-09-09,2,Pro_forma_Invoice2.pdf
23251,2019,CITADEL,103386,23251,NGOYA,LABAN,MUYALA,"+254 721-654-751",muyala@hotmail.co.uk,24578190,21672,505,1,113,21672,505,1,113,2,1,1,2,1998-09-09,2,Pro_forma_Invoice2.pdf
23946,2019,SELF,103387,23946,GAITHO,JAMES,WAWERU,"+254 721-856-128",wawerujimmy@gmail.com,27908210,2391,202,1,113,2391,202,1,113,2,1,1,2,1998-09-09,2,Pro_forma_Invoice2.pdf
24034,2019,ODEL,103388,24034,KIMONDO,ELIZABETH,WANJIKU,"+254 722-113-643",wanjikukimondo2009@gmail.com,22205476,30170,100,1,113,30170,100,1,113,1,4,1,2,1998-09-09,2,Pro_forma_Invoice2.pdf
25788,2019,CITADEL,103389,25788,WAMBUI,VIRGINIA,WANJIKU,"+254 726-081-122",virgy2my@yahoo.com,25164737,48418,100,1,113,48418,100,1,113,1,4,1,2,1998-09-09,2,Pro_forma_Invoice2.pdf
26696,2019,MSA-C,103390,26696,MWAI,MAUREEN,ATIENO,"+254 726-211-871",atismwai@gmail.com,25315348,97514,80100,2,113,97514,80100,2,113,1,4,7,2,1998-09-09,2,Pro_forma_Invoice2.pdf
26988,2019,ODEL,103391,26988,KILIMO,CELESTINE,JEMENJO,"+254 718-459-994",celestine.kilimo@cic.co.ke,24785065,59485,200,1,113,59485,200,1,113,1,4,1,2,1998-09-09,2,Pro_forma_Invoice2.pdf
28309,2019,CITADEL,103392,28309,KANGETHE,SAMUEL,MAGANA,"+254 723-768-873",maganasamuel@gmail.com,26511416,30,1000,14,113,30,1000,14,113,2,1,72,2,1998-09-09,2,Pro_forma_Invoice2.pdf
28628,2019,SELF,103393,28628,NJENGA,ONESMAS,MBUGUA,"+254 728-507-951",onessy2003@yahoo.com,22261103,20446,300381,1,113,20446,300381,1,113,2,1,1,2,1998-09-09,2,Pro_forma_Invoice2.pdf
28943,2019,CITADEL,103394,28943,MATHEKA,AARON,MUTHIANI,"+254 725-945-090",collinsmatheka@gmail.com,23431824,1228,606,1,113,1228,606,1,113,2,1,1,2,1998-09-09,2,Pro_forma_Invoice2.pdf
29045,2019,SELF,103395,29045,AMUIRI,MISHECK,KARITHI,"+254 721-404-731",kariithi@gmail.com,22616552,14527,100,1,113,14527,100,1,113,2,1,1,2,1998-09-09,2,Pro_forma_Invoice2.pdf
30982,2019,IND,103396,30982,WANGUI,SAMSON,MWITURIA,"+254 723-103-112",sammwituria@gmail.com,26754184,433,1000,14,113,433,1000,14,113,2,1,72,2,1998-09-09,2,Pro_forma_Invoice2.pdf
35409,2019,CITADEL,103397,35409,ONGERE,JOHN,OTIENO,"+254 708-302-780",johnngere@2017.com,11229508,240,200,38,113,240,200,38,113,2,1,245,2,1998-09-09,2,Pro_forma_Invoice2.pdf
35764,2019,MSA-C,103398,35764,MUTISYA,REDEMPTA,SYOKAU,"+254 721-541-271",redemptasyokau@gmail.com,28713803,56928,200,2,113,56928,200,2,113,1,4,7,2,1998-09-09,2,Pro_forma_Invoice2.pdf
36090,2019,ODEL,103399,36090,KIOKO,ERICSON,MUTHAMA,"+254 713-783-872",dummy2@gmail.com,22238810,1141,60100,60,113,1141,60100,60,113,2,1,1,2,1998-09-09,2,Pro_forma_Invoice2.pdf
36609,2019,CITADEL,103400,36609,SHONGOI,NOREEN,CHEBET,"+254 748-172-678",chebetnoreen920@gmail.com,27408122,90101,80100,2,113,90101,80100,2,113,1,4,7,2,1998-09-09,2,Pro_forma_Invoice2.pdf
36739,2019,CITADEL,103401,36739,KARANJA,ELIZABETH,SYOMBUA,"+254 704-173-454",lizgkaranja@gmail.com,27669519,56928,200,1,113,56928,200,1,113,1,4,1,2,1998-09-09,2,Pro_forma_Invoice2.pdf
36772,2019,CITADEL,103402,36772,HAJIGA,JULIE,BLESSINGS,"+254 729-206-774",gwethjulie@gmail.com,29345680,7016,40100,3,113,7016,40100,3,113,1,4,11,2,1998-09-09,2,Pro_forma_Invoice2.pdf
36796,2019,CITADEL,103403,36796,MWANGI,BEATRICE,MUTHONI,"+254 718-659-809",beatymwangi20@gmail.com,31498773,1061,1000,14,113,1061,1000,14,113,1,4,72,2,1998-09-09,2,Pro_forma_Invoice2.pdf
36852,2019,DIRECTLINE,103404,36852,KARIUKI,MARY,MUTHONI,"+254 723-612-484",dummy3@gmail.com,26759200,18187,5000,1,113,18187,5000,1,113,1,4,1,2,1998-09-09,2,Pro_forma_Invoice2.pdf
36917,2019,CITADEL,103405,36917,ANYINGAH,ELIZABETH,MUGADU,"+254 799-981-835",lizanyinga@gmail.com,25077111,9002,15707,8,113,9002,15707,8,113,1,4,34,2,1998-09-09,2,Pro_forma_Invoice2.pdf
37008,2019,SELF,103406,37008,GICHUHI,JULIA,WAITHERA,"+254 728-114-123",dummy4@gmail.com,29130295,30059,100,1,113,30059,100,1,113,1,4,1,2,1998-09-09,2,Pro_forma_Invoice2.pdf
37016,2019,"OLD MUTUAL UAP",103407,37016,MUTHENGI,THEOPHILUS,MUSYIMI,"+254 727-730-220",muthengitheophilus@gmail.com,30501550,30059,100,13,113,30059,100,13,113,2,1,68,2,1998-09-09,2,Pro_forma_Invoice2.pdf
37225,2019,ODEL,103408,37225,KASUVU,JOHN,MUTHENYA,"+254 723-629-478",kasavuj@gmail.com,22885427,21358,100,1,113,21358,100,1,113,2,1,1,2,1998-09-09,2,Pro_forma_Invoice2.pdf
37226,2019,ODEL,103409,37226,MAKAU,JOHN,NZOVI,"+254 715-502-225",dummy5@gmail.com,30346763,56928,200,1,113,56928,200,1,113,2,1,1,2,1998-09-09,2,Pro_forma_Invoice2.pdf
37327,2019,SELF,103410,37327,KARIUKI,ANN,WANJIKU,"+254 797-747-819",annkarisi700@gmail.com,36854667,11,30503,1,113,11,30503,1,113,1,4,1,2,1998-09-09,2,Pro_forma_Invoice2.pdf
37361,2019,SELF,103411,37361,MIDECHA,SAFIA,SAU,"+254 717-543-654",smidecha@hotmail.com,21838484,2054,621,1,113,2054,621,1,113,1,4,1,2,1998-09-09,2,Pro_forma_Invoice2.pdf
37386,2019,SELF,103412,37386,KOIGI,TITUS,KIGO,"+254 722-333-044",kigoti@yahoo.com,10333261,6124,200,1,113,6124,200,1,113,2,1,1,2,1998-09-09,2,Pro_forma_Invoice2.pdf
37400,2019,SELF,103413,37400,MEHTA,DHARMESH,GUNWANT,"+254 723-871-082",dharmeshmehta6@gmail.com,34585089,38227,623,1,113,38227,623,1,113,2,1,1,2,1998-09-09,2,Pro_forma_Invoice2.pdf
37473,2019,OLDMUTUAL,103414,37473,OJWANG,ANJELINE,AKOTH,"+254 721-225-706",akothangeline13@yahoo.com,25562624,4097,40103,3,113,4097,40103,3,113,1,4,11,2,1998-09-09,2,Pro_forma_Invoice2.pdf
37512,2019,SELF,103415,37512,KAMAU,JAMES,NONE,"+254 706-476-816",jameskamau9700@gmail.com,33356125,675,10100,17,113,675,10100,17,113,2,1,101,2,1998-09-09,2,Pro_forma_Invoice2.pdf
37526,2019,SELF,103416,37526,NJOROGE,MATHEW,WAIRIMA,"+254 727-007-864",babatonnie@gmail.com,21443165,3754,30200,25,113,3754,30200,25,113,2,1,163,2,1998-09-09,2,Pro_forma_Invoice2.pdf
37547,2019,SELF,103417,37547,MALUNI,ELIZABETH,NTHENYA,"+254 720-345-064",elizabethnthenya56@gmail.com,28131720,4420,506,1,113,4420,506,1,113,1,4,1,2,1998-09-09,2,Pro_forma_Invoice2.pdf
37557,2019,SELF,103418,37557,MOSE,MERCYLINE,NYANDUKO,"+254 712-257-817",mercylinenyanduko@gmail.com,32569500,499,200,4,113,499,200,4,113,1,4,18,2,1998-09-09,2,Pro_forma_Invoice2.pdf
37586,2019,MSA-C,103419,37586,ODUOR,CHRISPINE,OTIENO,"+254 725-569-268",chrisotieno25@yahoo.com,25160305,96024,80100,2,113,96024,80100,2,113,2,1,7,2,1998-09-09,2,Pro_forma_Invoice2.pdf
37593,2019,SELF,103420,37593,EVANS,AENGWO,CLEMENT,"+254 722-976-090",eaengwo@gmail.com,27730486,58236,200,1,113,58236,200,1,113,2,1,1,2,1998-09-09,2,Pro_forma_Invoice2.pdf
37596,2019,SELF,103421,37596,KAGO,DANIEL,GACHANJA,"+254 721-980-056",daniel.gachanja@directline.co.ke,1076951,68,10102,17,113,68,10102,17,113,2,1,101,2,1998-09-09,2,Pro_forma_Invoice2.pdf
37600,2019,DIRECTLINE,103422,37600,MURITHI,SALOME,NJERI,"+254 710-855-779",sallydavie1@gmail.com,26096157,14,80108,18,113,14,80108,18,113,1,4,110,2,1998-09-09,2,Pro_forma_Invoice2.pdf
37642,2019,BRITAM,103423,37642,OLUOCH,WILLIAM,OTIENO,"+254 702-286-410",elietdesmondi6@gmail.com,29277479,37,40600,79,113,37,40600,79,113,2,1,1,2,1998-09-09,2,Pro_forma_Invoice2.pdf
37661,2019,BRITAM,103424,37661,ODERA,MOLLY,ACHIENG,"+254 727-920-177",mollykenya14@gmail.com,23174759,20664,200,1,113,20664,200,1,113,1,4,1,2,1998-09-09,2,Pro_forma_Invoice2.pdf
37674,2019,BRITAM,103425,37674,SHIRIM,EVERLYNE,SOTIAN,"+254 700-577-379",everlynesotian@gmail.com,28334880,177,200,64,113,177,200,64,113,1,4,1,2,1998-09-09,2,Pro_forma_Invoice2.pdf
37682,2019,BRITAM,103426,37682,KINGORI,PAULINE,SIAN,"+254 722-805-499",sianpk02@gmail.com,8060688,23043,100,1,113,23043,100,1,113,1,4,1,2,1998-09-09,2,Pro_forma_Invoice2.pdf
37714,2019,CITADEL,103427,37714,CHUMA,LUCY,CHEPKURUI,"+254 717-606-527",lucychepkurui@yahoo.com,25872570,4,30200,25,113,4,30200,25,113,1,4,163,2,1998-09-09,2,Pro_forma_Invoice2.pdf
37732,2019,CITADEL,103428,37732,MUGO,ELIZABETH,NJERI,"+254 727-109-716",liztrenk@gmail.com,21662692,2099,200,1,113,2099,200,1,113,1,4,1,2,1998-09-09,2,Pro_forma_Invoice2.pdf
37850,2019,SELF,103429,37850,CHEBOIYWO,STEPHEN,NONE,"+254 715-630-516",kibejapheth200@gmail.com,23823435,50,30400,1,113,50,30400,1,113,2,1,1,2,1998-09-09,2,Pro_forma_Invoice2.pdf
37892,2019,CBA,103430,37892,KARIGU,"PATRICK MWANGI",HIUHU,"+254 714-947-133",pkarigu.pk@gmail.com,23695827,633,618,1,113,633,618,1,113,2,1,1,2,1998-09-09,2,Pro_forma_Invoice2.pdf
37931,2019,CITADEL,103431,37931,MUTURI,GRACE,MUNYUTHA,"+254 704-109-182",gracemmutri@gmail.com,31395362,96,10200,1,113,96,10200,1,113,1,4,1,2,1998-09-09,2,Pro_forma_Invoice2.pdf
37978,2019,SELF,103432,37978,NYARANGI,MAINYE,VIOLET,"+254 727-768-016",vionyarangi@gmail.com,29521363,47,207,1,113,47,207,1,113,1,4,1,2,1998-09-09,2,Pro_forma_Invoice2.pdf
38018,2019,SELF,103433,38018,KAMAU,ESTHER,MUTHONI,"+254 722-774-457",joskamau@student.usiu.ac.ke,362632,75812,200,1,113,75812,200,1,113,1,4,1,2,1998-09-09,2,Pro_forma_Invoice2.pdf
38031,2019,ODEL,103434,38031,NJUGUNA,IRENE,WAMBUI,"+254 720-242-850",wirene72@gmail.com,22974604,43013,100,1,113,43013,100,1,113,1,4,1,2,1998-09-09,2,Pro_forma_Invoice2.pdf
38038,2019,SELF,103435,38038,MATARA,HENRY,KIRIAMA,"+254 729-655-896",kiriamahenry@yahoo.com,27314139,46129,100,1,113,46129,100,1,113,2,1,1,2,1998-09-09,2,Pro_forma_Invoice2.pdf
38039,2019,ODEL,103436,38039,MUNYWOKI,AMBROSE,MUNYAO,"+254 711-625-277",ambrosem6@gmail.com,11602879,79066,400,1,113,79066,400,1,113,2,1,1,2,1998-09-09,2,Pro_forma_Invoice2.pdf
38043,2019,SELF,103437,38043,YAMSON,GLORIA,HENRIETTA,"+254 700-077-531",gloria.yamson@sc.com,61052590,30003,100,1,113,30003,100,1,113,1,4,1,2,1998-09-09,2,Pro_forma_Invoice2.pdf
38045,2019,SELF,103438,38045,ADEN,KANJI,NONE,"+254 712-505-968",dummy6@gmail.com,28746510,1142,502,1,113,1142,502,1,113,2,1,1,2,1998-09-09,2,Pro_forma_Invoice2.pdf
38046,2019,ODEL,103439,38046,KAHADI,NANCY,WANGUI,"+254 723-943-580",nancykahadi@gmail.com,24421634,1001,20106,23,113,1001,20106,23,113,1,4,151,2,1998-09-09,2,Pro_forma_Invoice2.pdf
38049,2019,SELF,103440,38049,OMWOYO,ONDIEKI,CLIFF,"+254 727-938-081",cliffmwoyo@gmail.com,24868352,56928,200,1,113,56928,200,1,113,1,4,1,2,1998-09-09,2,Pro_forma_Invoice2.pdf
38055,2019,ODEL,103441,38055,TULI,ALBERT,ORONDO,"+254 722-288-730",albert.tuli@yahoo.com,2742615,50482,200,1,113,50482,200,1,113,2,1,1,2,1998-09-09,2,Pro_forma_Invoice2.pdf
38080,2019,SELF,103442,38080,IQBAL,"SABEEHA SHAHEED",MOHAMED,"+254 729-275-496",sabeehashaheed@gmail.com,36509691,257,60200,67,113,257,60200,67,113,1,4,1,2,1998-09-09,2,Pro_forma_Invoice2.pdf
38082,2019,SELF,103443,38082,NGABU,SARAH,NJERI,"+254 726-467-229",sarahngabu@gmail.com,35092337,24,10306,1,113,24,10306,1,113,1,4,1,2,1998-09-09,2,Pro_forma_Invoice2.pdf
38084,2019,SELF,103444,38084,OKOLA,WYCLIFFE,ODUOR,"+254 721-613-668",wickyokola@gmail.com,23575055,898,200,1,113,898,200,1,113,1,4,1,2,1998-09-09,2,Pro_forma_Invoice2.pdf
38088,2019,SELF,103445,38088,KAMAU,GEORGE,MBURU,"+254 700-458-110",georgemburucpa@gmail.com,29330317,82,200,34,113,82,200,34,113,2,1,215,2,1998-09-09,2,Pro_forma_Invoice2.pdf
38091,2019,SELF,103446,38091,OTIENO,WILLIAM,OSODO,"+254 700-509-022",williamosodo91@gmail.com,28300022,2403,100,1,113,2403,100,1,113,2,1,1,2,1998-09-09,2,Pro_forma_Invoice2.pdf
38093,2019,SELF,103447,38093,NDIRITU,MIRIAM,NGIMA,"+254 720-935-980",dummy7@gmail.com,9262668,56928,200,1,113,56928,200,1,113,1,4,1,2,1998-09-09,2,Pro_forma_Invoice2.pdf
38094,2019,SELF,103448,38094,OTIENO,IVAN,AWILI,"+254 712-404-210",awili00@live.com,27456600,15520,20100,1,113,15520,20100,1,113,2,1,1,2,1998-09-09,2,Pro_forma_Invoice2.pdf
38097,2019,SELF,103449,38097,MISIANI,EMMANUEL,NONE,"+254 793-956-569",misianiemmanuel@gmail.com,37401825,23378,200,1,113,23378,200,1,113,2,1,1,2,1998-09-09,2,Pro_forma_Invoice2.pdf
38098,2019,SELF,103450,38098,MWANIKI,WANGAI,NGUGI,"+254 727-493-224",wangaimwaniki@gmail.com,28969242,64943,620,1,113,64943,620,1,113,2,1,1,2,1998-09-09,2,Pro_forma_Invoice2.pdf
38099,2019,SELF,103451,38099,WAMBUGU,DOUGLAS,KANURI,"+254 717-560-489",dkwambugu@hotmail.com,26748211,62575,200,1,113,62575,200,1,113,2,1,1,2,1998-09-09,2,Pro_forma_Invoice2.pdf
38102,2019,SELF,103452,38102,GICHAMBA,ANTHONY,KAMAU,"+254 701-001-010",kamauanthony263@yahoo.com,31108853,11950,100,1,113,11950,100,1,113,2,1,1,2,1998-09-09,2,Pro_forma_Invoice2.pdf
38104,2019,SELF,103453,38104,NJUGUNA,ANNE,WANGARI,"+254 717-470-694",njugunaann10@gmail.com,27465763,56928,200,14,113,56928,200,14,113,1,4,72,2,1998-09-09,2,Pro_forma_Invoice2.pdf
38107,2019,SELF,103454,38107,GITHAIGA,MUKAMI,NONE,"+254 719-231-726",eva.mukami16@gmail.com,26509487,106390,101,1,113,106390,101,1,113,1,4,1,2,1998-09-09,2,Pro_forma_Invoice2.pdf
38108,2019,SELF,103455,38108,SURE,NAOMI,KERUBO,"+254 712-637-146",naomisure89@gmail.com,27985492,56928,200,1,113,56928,200,1,113,1,4,1,2,1998-09-09,2,Pro_forma_Invoice2.pdf
38110,2019,SELF,103456,38110,OGAYE,EUNICE,ADHIAMBO,"+254 725-136-240",euniceadhiambo009@yahoo.com,1246206,18803,100,1,113,18803,100,1,113,1,4,1,2,1998-09-09,2,Pro_forma_Invoice2.pdf
38117,2019,SELF,103457,38117,WAMBUA,CYNTHIA,MUENI,"+254 726-832-878",dcmueni85@gmail.com,29396469,46814,100,1,113,46814,100,1,113,1,4,1,2,1998-09-09,2,Pro_forma_Invoice2.pdf
38119,2019,SELF,103458,38119,OGENYA,TEDDY,OMONDI,"+254 720-367-828",togenya@mycredit.co.ke,25936036,347,521,1,113,347,521,1,113,2,1,1,2,1998-09-09,2,Pro_forma_Invoice2.pdf
38120,2019,SELF,103459,38120,WANGAI,DAVID,KARIUKI,"+254 724-743-431",dwangai@mycredit.co.ke,23683852,12265,20100,1,113,12265,20100,1,113,2,1,1,2,1998-09-09,2,Pro_forma_Invoice2.pdf
38121,2019,SELF,103460,38121,NJOROGE,WILLIAM,KARANJA,"+254 720-071-645",william.njoroge@ymail.com,27809404,141,20306,1,113,141,20306,1,113,2,1,1,2,1998-09-09,2,Pro_forma_Invoice2.pdf
38123,2019,SELF,103461,38123,NDEGWA,DAVID,MWANGI,"+254 722-466-354",dndegwa007@gmail.com,9074942,30216,100,1,113,30216,100,1,113,2,1,1,2,1998-09-09,2,Pro_forma_Invoice2.pdf
38129,2019,SELF,103462,38129,MUTUA,AGNES,MUKULU,"+254 728-129-829",dummy8@gmail.com,27641146,101915,101,1,113,101915,101,1,113,1,4,1,2,1998-09-09,2,Pro_forma_Invoice2.pdf
38135,2019,SELF,103463,38135,MWIRIGI,BRANDON,KARANI,"+254 721-950-977",pmwirigi@gmail.com,36897617,1019,618,1,113,1019,618,1,113,2,1,1,2,1998-09-09,2,Pro_forma_Invoice2.pdf
38136,2019,SELF,103464,38136,KABANYA,ESHTER,WANGUI,"+254 721-272-297",wanguikabanya@gmail.com,1240576,48771,100,1,113,48771,100,1,113,1,4,1,2,1998-09-09,2,Pro_forma_Invoice2.pdf
38137,2019,SELF,103465,38137,SHEILA,"MERCY ATIENO",MALLOWAH,"+254 720-096-276",sheilamallowah@gmail.com,23078563,76718,620,1,113,76718,620,1,113,1,4,1,2,1998-09-09,2,Pro_forma_Invoice2.pdf
38138,2019,SELF,103466,38138,ROBERT,YVONNE,NONE,"+254 704-909-787",ndungeyvonne65@gmail.com,28885278,33,204,13,113,33,204,13,113,1,4,68,2,1998-09-09,2,Pro_forma_Invoice2.pdf
38144,2019,SELF,103467,38144,MURAGA,JOHN,MBAE,"+254 727-559-935",johnbae@yahoo.com,20746965,27573,506,1,113,27573,506,1,113,2,1,1,2,1998-09-09,2,Pro_forma_Invoice2.pdf
38149,2019,ODEL,103468,38149,CHERUIYOT,ANTHONY,KIBET,"+254 717-607-726",kibeta254@gmail.com,31796252,2500,100,5,113,2500,100,5,113,2,1,21,2,1998-09-09,2,Pro_forma_Invoice2.pdf
38151,2019,SELF,103469,38151,KIPRUTO,PAUL,KIPKOGEI,"+254 728-501-207",kiprutopaul91@gmail.com,28147927,351,20103,1,113,351,20103,1,113,2,1,1,2,1998-09-09,2,Pro_forma_Invoice2.pdf
38152,2019,SELF,103470,38152,KARIUKI,KENNEDY,MUHORO,"+254 728-495-939",kennykharis@gmail.com,28388844,219,10202,1,113,219,10202,1,113,2,1,1,2,1998-09-09,2,Pro_forma_Invoice2.pdf
38154,2019,SELF,103471,38154,WAWERU,JOEL,NONE,"+254 724-837-106",joekawera@gmail.com,33690869,2909,50100,31,113,2909,50100,31,113,2,1,193,2,1998-09-09,2,Pro_forma_Invoice2.pdf
38155,2019,SELF,103472,38155,WAWERU,DENIS,KIBUI,"+254 700-080-002",denniswaweru26@gmail.com,32342866,56573,200,1,113,56573,200,1,113,2,1,1,2,1998-09-09,2,Pro_forma_Invoice2.pdf
38157,2019,SELF,103473,38157,NJUGUNA,PETER,NDUNG`U,"+254 726-784-258",njugunapeter.pn85@gmail.com,24392562,12314,100,1,113,12314,100,1,113,2,1,1,2,1998-09-09,2,Pro_forma_Invoice2.pdf
38158,2019,SELF,103474,38158,NJOROGE,JEREMIAH,KURIA,"+254 722-469-932",jevanjconsvaluers@yahoo.com,20896095,1216,1000,14,113,1216,1000,14,113,2,1,72,2,1998-09-09,2,Pro_forma_Invoice2.pdf
38159,2019,SELF,103475,38159,GITERI,DANIEL,NDERITU,"+254 720-471-571",danielgiteri@yahoo.com,25064927,6957,1000,14,113,6957,1000,14,113,2,1,72,2,1998-09-09,2,Pro_forma_Invoice2.pdf
38161,2019,SELF,103476,38161,KAMAU,TABBY,WANGUI,"+254 791-759-837",dummy9@gmail.com,35230759,75812,200,1,113,75812,200,1,113,1,4,1,2,1998-09-09,2,Pro_forma_Invoice2.pdf
38163,2019,SELF,103477,38163,OTIENO,IRENE,ACHIENG,"+254 716-001-463",irenestellah@gmail.com,28888423,826,40100,3,113,826,40100,3,113,1,4,11,2,1998-09-09,2,Pro_forma_Invoice2.pdf
38170,2019,SELF,103478,38170,MUNENE,GACORERIA,MURIITHI,"+254 725-631-800",munene.muriithi@yahoo.com,22808508,56928,200,1,113,56928,200,1,113,2,1,1,2,1998-09-09,2,Pro_forma_Invoice2.pdf
38171,2019,SELF,103479,38171,NGEI,RACHAEL,WANGUI,"+254 724-336-206",shikuku1@gmail.com,23132386,1011,232,7,113,1011,232,7,113,1,4,27,2,1998-09-09,2,Pro_forma_Invoice2.pdf
38172,2019,SELF,103480,38172,OMONDI,ALFRED,OCHIENG,"+254 796-648-802",dummy10@gmail.com,30558552,56928,200,1,113,56928,200,1,113,2,1,1,2,1998-09-09,2,Pro_forma_Invoice2.pdf
38173,2019,SELF,103481,38173,NYAMBURA,"RISPER LUCY",WANJIKU,"+254 718-073-723",dummy11@gmail.com,112725559,22924,400,1,113,22924,400,1,113,1,4,1,2,1998-09-09,2,Pro_forma_Invoice2.pdf
38174,2019,SELF,103482,38174,MULI,JOSEPH,MUNYOKI,"+254 796-439-797",josephmuli023@gmail.com,33825229,61085,200,1,113,61085,200,1,113,2,1,1,2,1998-09-09,2,Pro_forma_Invoice2.pdf
38175,2019,SELF,103483,38175,MUASYA,MARTIN,MBISI,"+254 710-766-014",martinm@219gmail.com,34540783,56928,200,1,113,56928,200,1,113,2,1,1,2,1998-09-09,2,Pro_forma_Invoice2.pdf
38178,2019,SELF,103484,38178,WACHIRA,ESTHER,WANJIRU,"+254 704-501-848",ewanjiruwachira@gmail.com,31959991,138,20115,4,113,138,20115,4,113,1,4,18,2,1998-09-09,2,Pro_forma_Invoice2.pdf
38181,2019,SELF,103485,38181,WAITHAKA,ALEX,KIHORO,"+254 728-456-882",akwaithaka8@gmail.com,33113408,47708,100,1,113,47708,100,1,113,2,1,1,2,1998-09-09,2,Pro_forma_Invoice2.pdf
38182,2019,SELF,103486,38182,NZUVA,CAROLYNE,MWENDE,"+254 705-640-214",carolnzura@gmail.com,32304225,42,90133,1,113,42,90133,1,113,1,4,1,2,1998-09-09,2,Pro_forma_Invoice2.pdf
38183,2019,SELF,103487,38183,NDERITU,DORIS,WANGUI,"+254 738-273-821",dwanguinderitu@gmail.com,30285735,3135,10100,17,113,3135,10100,17,113,1,4,101,2,1998-09-09,2,Pro_forma_Invoice2.pdf
38186,2019,SELF,103488,38186,MBUTHIA,"ROSA   DAISY",WANGECI,"+254 714-742-993",dummy12@gmail.com,30346850,8737,200,1,113,8737,200,1,113,1,4,1,2,1998-09-09,2,Pro_forma_Invoice2.pdf
38187,2019,SELF,103489,38187,MOGENDI,JUSTINE,ONGERI,"+254 725-117-238",justinemogendi@gmail.com,A2554681,7240,200,1,113,7240,200,1,113,2,1,1,2,1998-09-09,2,Pro_forma_Invoice2.pdf
38188,2019,ODEL,103490,38188,NYANGOYA,MINYONG`A,ALFRED,"+254 713-863-381",alfrednyangoya01@gmail.cm,34961460,55,209,1,113,55,209,1,113,2,1,1,2,1998-09-09,2,Pro_forma_Invoice2.pdf
38189,2019,SELF,103491,38189,ASSARIA,AQIBHUSSEIN,NONE,"+254 738-630-303",aqubhussein@gmail.com,33669709,56928,200,1,113,56928,200,1,113,2,1,1,2,1998-09-09,2,Pro_forma_Invoice2.pdf
38190,2019,ODEL,103492,38190,SIMIYU,JOB,MASINDE`,"+254 710-340-896",jobsimiyu8@gmail.com,28546404,56928,100,1,113,56928,100,1,113,2,1,1,2,1998-09-09,2,Pro_forma_Invoice2.pdf
38192,2019,SELF,103493,38192,KIMONDO,BRIAN,IRUNGU,"+254 711-200-644",briankimondo@gmail.com,33206020,1136,90100,13,113,1136,90100,13,113,2,1,68,2,1998-09-09,2,Pro_forma_Invoice2.pdf
38197,2019,SELF,103494,38197,KOMU,ONESMUS,NONE,"+254 715-577-846",onesmusndegwa@yahoo.com,30012355,16,902,8,113,16,902,8,113,2,1,34,2,1998-09-09,2,Pro_forma_Invoice2.pdf
38202,2019,BRITAM,103495,38202,GITHINJI,JECINTA,NJERI,"+254 725-969-393",jacintani2@gnail.com,22252218,25,10400,73,113,25,10400,73,113,1,4,1,2,1998-09-09,2,Pro_forma_Invoice2.pdf
38203,2019,SELF,103496,38203,KARERA,PATRICK,WAMUTU,"+254 712-591-563",karerap@gmail.com,24520093,47316,100,1,113,47316,100,1,113,2,1,1,2,1998-09-09,2,Pro_forma_Invoice2.pdf
38205,2019,SELF,103497,38205,OKELLO,GEORGE,OTIENO,"+254 707-749-198",georgeotis48@yahoo.com,28405521,30586,100,1,113,30586,100,1,113,2,1,1,2,1998-09-09,2,Pro_forma_Invoice2.pdf
38207,2019,SELF,103498,38207,MUSYA,JOSEPH,KITEME,"+254 713-051-186",musyajkiteme@gmail.com,27937715,59485,200,1,113,59485,200,1,113,2,1,1,2,1998-09-09,2,Pro_forma_Invoice2.pdf
38208,2019,SELF,103499,38208,WACHIRA,LUCY,WAHITO,"+254 722-899-859",wahio2014@gmail.com,5500149,59999,200,1,113,59999,200,1,113,1,4,1,2,1998-09-09,2,Pro_forma_Invoice2.pdf
38211,2019,ODEL,103500,38211,DAVID,GEORGE,KALOKI,"+254 713-768-368",kalokidavid92@gmail.com,29566257,55742,200,17,113,55742,200,17,113,2,1,101,2,1998-09-09,2,Pro_forma_Invoice2.pdf
38212,2019,SELF,103501,38212,GWAKO,EDSON,ONDIEKI,"+254 721-233-153",edsongwako@gmail.com,13566129,77,519,1,113,77,519,1,113,2,1,1,2,1998-09-09,2,Pro_forma_Invoice2.pdf
38222,2019,SELF,103502,38222,NDIRANGU,GEORGE,HIRAM,"+254 770-353-161",gndirangu@hotmail.com,13263349,9847,100,1,113,9847,100,1,113,2,1,1,2,1998-09-09,2,Pro_forma_Invoice2.pdf
38223,2019,SELF,103503,38223,MAITHORI,CAROLINE,NGIMA,"+254 --",maithori.c@gmail.com,22901993,8669,100,1,113,8669,100,1,113,1,4,1,2,1998-09-09,2,Pro_forma_Invoice2.pdf
38224,2019,SELF,103504,38224,NCHOE,RICHARD,O.,"+254 721-997-386",nchoaerichard@gmail.com,31703626,215,20500,1,113,215,20500,1,113,2,1,1,2,1998-09-09,2,Pro_forma_Invoice2.pdf
38226,2019,SELF,103505,38226,KOECH,EMMANUEL,KIPROTICH,"+254 724-054-552",kiprotichemmanuela@gmail.com,31559669,376,20400,22,113,376,20400,22,113,2,1,138,2,1998-09-09,2,Pro_forma_Invoice2.pdf
38227,2019,SELF,103506,38227,MWAURA,JOHN,KENNEDY,"+254 722-773-807",mwaurajk@gmail.com,10810543,73070,200,1,113,73070,200,1,113,2,1,1,2,1998-09-09,2,Pro_forma_Invoice2.pdf
38229,2019,SELF,103507,38229,NJUGUNA,ISAAC,MWANGI,"+254 723-105-865",mwanginjuguna27@gmail.com,27102114,7323,100,1,113,7323,100,1,113,2,1,1,2,1998-09-09,2,Pro_forma_Invoice2.pdf
38230,2019,SELF,103508,38230,OKETCH,JANET,ATIENO,"+254 722-843-650",jantoshke@gmail.com,21692569,56928,200,1,113,56928,200,1,113,1,4,1,2,1998-09-09,2,Pro_forma_Invoice2.pdf
38233,2019,SELF,103509,38233,NJUE,"OKUMU CHRISTINE",KARIMI,"+254 722-615-234",cnchallenge@gmail.com,10863735,3812,100,1,113,3812,100,1,113,1,4,1,2,1998-09-09,2,Pro_forma_Invoice2.pdf
38234,2019,SELF,103510,38234,MBUGUA,ANNE,NGATHA,"+254 725-900-945",annembugua23@yahoo.com,25313575,33180,30100,5,113,33180,30100,5,113,1,4,21,2,1998-09-09,2,Pro_forma_Invoice2.pdf
38235,2019,SELF,103511,38235,CHEGE,JOHN,MWANIKI,"+254 720-862-107",chegemwaniki@gmail.com,13411837,21925,100,1,113,21925,100,1,113,2,1,1,2,1998-09-09,2,Pro_forma_Invoice2.pdf
38241,2019,SELF,103512,38241,KYENGO,MESHACK,MWANZIA,"+254 724-543-953",meshkyengo@gmail.com,22252723,79066,400,1,113,79066,400,1,113,2,1,1,2,1998-09-09,2,Pro_forma_Invoice2.pdf
38242,2019,ODEL,103513,38242,MUSYOKI,MICHAEL,KILONZO,"+254 724-651-364",mikekilonzo90@gmail.com,28728396,72,90119,13,113,72,90119,13,113,2,1,68,2,1998-09-09,2,Pro_forma_Invoice2.pdf
38243,2019,SELF,103514,38243,NJUMWA,HUMPHREY,MWAPAGHA,"+254 728-054-933",hanznjumwa@gmail.com,26543549,38715,600,1,113,38715,600,1,113,2,1,1,2,1998-09-09,2,Pro_forma_Invoice2.pdf
38244,2019,SELF,103515,38244,MWANGI,JOHN,NJUGUNA,"+254 724-344-736",jonjumwa@gmail.com,11154425,88,20102,4,113,88,20102,4,113,2,1,18,2,1998-09-09,2,Pro_forma_Invoice2.pdf
38245,2019,SELF,103516,38245,DUBA,ABDUB,DENGE,"+254 723-570-981",hamzaduba54@gmail.com,29980399,22555,400,1,113,22555,400,1,113,2,1,1,2,1998-09-09,2,Pro_forma_Invoice2.pdf
38250,2019,SELF,103517,38250,THANGARI,INNOCENT,WAMAI,"+254 710-812-921",iwamaeinnocent@gmail,28185130,167,20100,4,113,167,20100,4,113,2,1,18,2,1998-09-09,2,Pro_forma_Invoice2.pdf
38253,2019,SELF,103518,38253,MPONDA,HARRIET,MENDUNE,"+254 786-225-447",mpondah6@gmail.com,32727075,79708,200,1,113,79708,200,1,113,1,4,1,2,1998-09-09,2,Pro_forma_Invoice2.pdf
38256,2019,SELF,103519,38256,CHEPNGETICH,KOECH,NONE,"+254 723-991-878",dummy13@gmail.com,27502981,12276,100,1,113,12276,100,1,113,1,4,1,2,1998-09-09,2,Pro_forma_Invoice2.pdf
38257,2019,ODEL,103520,38257,MBUI,EDWIN,CHIURI,"+254 702-742-531",edwinmbui2@gmail.com,32357446,2379,1000,14,113,2379,1000,14,113,2,1,72,2,1998-09-09,2,Pro_forma_Invoice2.pdf
38258,2019,ODEL,103521,38258,MABIRIA,MAUREEN,MORAA,"+254 722-728-682",mmabiyra@gmail.com,25113534,75766,200,3,113,75766,200,3,113,1,4,11,2,1998-09-09,2,Pro_forma_Invoice2.pdf
38260,2019,SELF,103522,38260,NJURU,MAURIFIXTEN,KAMAU,"+254 725-532-003",njurumaurice@gmail.com,24880413,56928,200,1,113,56928,200,1,113,2,1,1,2,1998-09-09,2,Pro_forma_Invoice2.pdf
38262,2019,SLEF,103523,38262,MBOGA,MICHAEL,OMONDI,"+254 722-249-220",michaelmboga@yahoo.com,14643144,18238,500,1,113,18238,500,1,113,2,1,1,2,1998-09-09,2,Pro_forma_Invoice2.pdf
38263,2019,SELF,103524,38263,MUTERU,STEVE,MUGUKU,"+254 714-040-467",steve.muteru@gmail.com,28100777,1213,10100,17,113,1213,10100,17,113,2,1,101,2,1998-09-09,2,Pro_forma_Invoice2.pdf
38264,2019,SELF,103525,38264,MARGARET,MIREHO,AKENGA,"+254 743-662-127",akenga@gakenya.com,20079183,42166,100,1,113,42166,100,1,113,1,4,1,2,1998-09-09,2,Pro_forma_Invoice2.pdf
38265,2019,SELF,103526,38265,ONYANGO,CATHERINE,ACHIENG,"+254 721-730-111",cathrineachieng@gmail.com,28142697,198,507,1,113,198,507,1,113,1,4,1,2,1998-09-09,2,Pro_forma_Invoice2.pdf
38266,2019,SELF,103527,38266,MUTWASI,OTUNDO,MARGARET,"+254 727-895-582",magmuts@gmail.com,20720896,14153,20100,4,113,14153,20100,4,113,1,4,18,2,1998-09-09,2,Pro_forma_Invoice2.pdf
38267,2019,SELF,103528,38267,NDIEMA,JANET,NONE,"+254 722-240-818",cjndiem@gmail.com,13208830,3109,30100,5,113,3109,30100,5,113,1,4,21,2,1998-09-09,2,Pro_forma_Invoice2.pdf
38268,2019,SELF,103529,38268,WANYONYI,DOROTHY,NANJALA,"+254 704-116-778",dorothy.wanyonyi@gmail.com,23644721,508,30200,25,113,508,30200,25,113,1,4,163,2,1998-09-09,2,Pro_forma_Invoice2.pdf
38269,2019,SELF,103530,38269,SAVONGE,FREDRICK,MUSYOKA,"+254 725-730-008",savongefred@gmail.com,24594400,58935,200,1,113,58935,200,1,113,2,1,1,2,1998-09-09,2,Pro_forma_Invoice2.pdf
38271,2019,SELF,103531,38271,MWANGI,MARTHA,WANJIKU,"+254 716-764-767",mwangiwmartha@gmail.com,27772146,46666,200,1,113,46666,200,1,113,1,4,1,2,1998-09-09,2,Pro_forma_Invoice2.pdf
38272,2019,ODEL,103532,38272,NDITI,BELINDAH,NJERI,"+254 708-010-892",belindanjeri@gmail.com,33465087,719,10200,1,113,719,10200,1,113,1,4,1,2,1998-09-09,2,Pro_forma_Invoice2.pdf
38281,2019,SELF,103533,38281,EVANCE,ODHIAMBO,OLOO,"+254 720-980-569",evance.odhiambo@gmail.com,20730258,5805,100,1,113,5805,100,1,113,2,1,1,2,1998-09-09,2,Pro_forma_Invoice2.pdf
38282,2019,SELF,103534,38282,CHEROTICH,BETTY,NONE,"+254 712-859-572",vkorir@gmail.com,27587879,7869,40100,3,113,7869,40100,3,113,1,4,11,2,1998-09-09,2,Pro_forma_Invoice2.pdf
38283,2019,CBA,103535,38283,DISOUZA,"AARON STEPHEN",ALEXANDER,"+254 722-484-173",aaron.dsou2a@gmail.com,24450176,99620,80107,2,113,99620,80107,2,113,2,1,7,2,1998-09-09,2,Pro_forma_Invoice2.pdf
38284,2019,CBA,103536,38284,NGACAKU,ALEX,MUTURI,"+254 786-764-200",muturi.ngacaku@gmail.com,27793224,48029,100,1,113,48029,100,1,113,2,1,1,2,1998-09-09,2,Pro_forma_Invoice2.pdf
38285,2019,CBA,103537,38285,NDANI,BENJAMIN,KIUNDU,"+254 724-672-507",ndanib@yahoo.com,27087207,90681,80100,2,113,90681,80100,2,113,2,1,7,2,1998-09-09,2,Pro_forma_Invoice2.pdf
38286,2019,CBA,103538,38286,GATHERU,BETTY,MUTHONI,"+254 720-806-680",bettym.gatheru@gmail.com,23623862,67137,200,1,113,67137,200,1,113,1,4,1,2,1998-09-09,2,Pro_forma_Invoice2.pdf
38287,2019,CBA,103539,38287,KARANJA,BRENDA,NJERI,"+254 739-871-256",brenda.karanja@cbagroup.com,29357205,59797,100,1,113,59797,100,1,113,1,4,1,2,1998-09-09,2,Pro_forma_Invoice2.pdf
38288,2019,CBA,103540,38288,MASHA,DICKSON,T,"+254 725-909-130",mashdickson@gmail.com,24201249,90681,80100,2,113,90681,80100,2,113,2,1,7,2,1998-09-09,2,Pro_forma_Invoice2.pdf
38289,2019,CBA,103541,38289,SIMBA,DOROTHY,AWINO,"+254 717-006-944",dorothy.simba@cbagroup.com,9774953,90681,80100,2,113,90681,80100,2,113,1,4,7,2,1998-09-09,2,Pro_forma_Invoice2.pdf
38290,2019,CBA,103542,38290,ORUKA,FREDRICK,OMONDI,"+254 725-260-752",fredrickoruka@gmail.com,24659394,30437,100,1,113,30437,100,1,113,2,1,1,2,1998-09-09,2,Pro_forma_Invoice2.pdf
38291,2019,CBA,103543,38291,EKEA,"IDA PAULINE",ATYANG,"+254 720-808-225",idkagek@gmail.com,21785902,333,80109,2,113,333,80109,2,113,1,4,7,2,1998-09-09,2,Pro_forma_Invoice2.pdf
38292,2019,CBA,103544,38292,OKELLO,JECINTER,AUMA,"+254 721-223-057",jecinterokello@gmail.com,22785549,16469,80100,2,113,16469,80100,2,113,1,4,7,2,1998-09-09,2,Pro_forma_Invoice2.pdf
38293,2019,CBA,103545,38293,MUGO,JOSEPHAT,KUNG`U,"+254 720-466-620",mugojosephat@gmail.com,24660145,6651,300,1,113,6651,300,1,113,2,1,1,2,1998-09-09,2,Pro_forma_Invoice2.pdf
38294,2019,CBA,103546,38294,WAMUGUNDA,KEVIN,MBURU,"+254 721-470-629",kevinwamugunda@gmail.com,28071952,1,10230,1,113,1,10230,1,113,2,1,1,2,1998-09-09,2,Pro_forma_Invoice2.pdf
38295,2019,CBA,103547,38295,MASWII,ONESMUS,MUOKI,"+254 721-276-314",omuoki@gmail.com,23524047,11617,400,1,113,11617,400,1,113,2,1,1,2,1998-09-09,2,Pro_forma_Invoice2.pdf
38296,2019,CBA,103548,38296,KIARIE,PAUL,NDUNG`U,"+254 721-865-522",paulnkiarie@gmail.com,24435154,3069,200,1,113,3069,200,1,113,2,1,1,2,1998-09-09,2,Pro_forma_Invoice2.pdf
38297,2019,CBA,103549,38297,NDEGWA,PETER,MUTWIRI,"+254 721-870-277",pmndegwa@gmail.com,22843749,88701,80100,2,113,88701,80100,2,113,2,1,7,2,1998-09-09,2,Pro_forma_Invoice2.pdf
38298,2019,CBA,103550,38298,KAYONGO,PHILLIP,NSEREKO,"+254 719-573-141",philipkayongo@gmail.com,28651112,30437,100,1,113,30437,100,1,113,2,1,1,2,1998-09-09,2,Pro_forma_Invoice2.pdf
38299,2019,CBA,103551,38299,OTUKA,RAYAN,OKOTH,"+254 725-266-757",rayan.otuka@gmail.com,24714379,30437,100,1,113,30437,100,1,113,2,1,1,2,1998-09-09,2,Pro_forma_Invoice2.pdf
38300,2019,CBA,103552,38300,OSIEMO,SARAH,MOKEIRA,"+254 725-892-585",osiemosarah@gmail.com,26765883,254181,100,1,113,254181,100,1,113,1,4,1,2,1998-09-09,2,Pro_forma_Invoice2.pdf
38301,2019,CBA,103553,38301,MBUGUA,SHEILAH,WANJIRU,"+254 701-545-866",smbugua08@gmail.com,25526861,9309,300,1,113,9309,300,1,113,1,4,1,2,1998-09-09,2,Pro_forma_Invoice2.pdf
38303,2019,DIRECTLINE,103554,38303,GACHWE,ALEX,KAMAU,"+254 717-291-478",alexgachwe7@gmail.com,33353542,286,216,34,113,286,216,34,113,2,1,215,2,1998-09-09,2,Pro_forma_Invoice2.pdf
38304,2019,DIRECTLINE,103555,38304,GACHERU,ALICE,MUTHONI,"+254 722-250-336",alicegacheru10@gmail.com,22468660,29163,1000,1,113,29163,1000,1,113,1,4,1,2,1998-09-09,2,Pro_forma_Invoice2.pdf
38305,2019,CBA,103556,38305,NYABUNDI,ANTONINA,AKELLO,"+254 722-208-400",nyabundia@gmail.com,25528752,3798,200,1,113,3798,200,1,113,1,4,1,2,1998-09-09,2,Pro_forma_Invoice2.pdf
38307,2019,DIRECTLINE,103557,38307,KIAMA,CAROLINE,MURINGI,"+254 713-258-992",carolkiama30@gmail.com,24347966,5020,200,5,113,5020,200,5,113,1,4,21,2,1998-09-09,2,Pro_forma_Invoice2.pdf
38308,2019,DIRECTLINE,103558,38308,KAROKI,CAROLINE,NONE,"+254 724-692-364",carolinekendi84@gmail.com,24818521,3260,60200,67,113,3260,60200,67,113,1,4,1,2,1998-09-09,2,Pro_forma_Invoice2.pdf
38310,2019,DIRECTLINE,103559,38310,WANGARI,DAVID,KING`ORI,"+254 720-216-558",davidwangari123@gmail.com,25237323,163,10104,17,113,163,10104,17,113,2,1,101,2,1998-09-09,2,Pro_forma_Invoice2.pdf
38311,2019,DIRECTLINE,103560,38311,MACHAKI,DAVID,MURITHI,"+254 726-289-523",dmacharia@gmail.com,24995243,2159,20100,4,113,2159,20100,4,113,2,1,18,2,1998-09-09,2,Pro_forma_Invoice2.pdf
38312,2019,DIRECTLINE,103561,38312,MUSEMBI,EUNICE,NDUKU,"+254 723-798-944",musembinduku23@gmail.com,25224783,28533,100,1,113,28533,100,1,113,1,4,1,2,1998-09-09,2,Pro_forma_Invoice2.pdf
38313,2019,DIRECTLINE,103562,38313,ONGWENYI,FAITH,MORAA,"+254 711-926-748",faithmoraa7@gmail.com,28703165,306,516,1,113,306,516,1,113,1,4,1,2,1998-09-09,2,Pro_forma_Invoice2.pdf
38314,2019,DIRECTLINE,103563,38314,MISIKO,IRMA,TAKA,"+254 701-223-136",irmatakah8@gmail.com,29496329,36366,202,1,113,36366,202,1,113,1,4,1,2,1998-09-09,2,Pro_forma_Invoice2.pdf
38315,2019,DIRECTLINE,103564,38315,WAMBUGU,JACKLINE,MUTHONI,"+254 701-735-935",jacquelynewambugu@gmail.com,29315121,56928,100,1,113,56928,100,1,113,1,4,1,2,1998-09-09,2,Pro_forma_Invoice2.pdf
38316,2019,DIRECTLINE,103565,38316,JANETH,CHEPNGETICH,NONE,"+254 717-035-092",jbii399@gmail.com,25169387,56928,200,4,113,56928,200,4,113,1,4,18,2,1998-09-09,2,Pro_forma_Invoice2.pdf
38317,2019,DIRECTLINE,103566,38317,MATHENGE,JOAN,MUTHONI,"+254 722-838-588",jmathenge@yahoo.com,21357442,3005,10140,17,113,3005,10140,17,113,1,4,101,2,1998-09-09,2,Pro_forma_Invoice2.pdf
38318,2019,DIRECTLINE,103567,38318,MUCHINA,"JOYCE JUDY",WANGUI,"+254 700-415-825",jmuchina40@gmail.com,29352388,311,216,34,113,311,216,34,113,1,4,215,2,1998-09-09,2,Pro_forma_Invoice2.pdf
38319,2019,DIRECTLINE,103568,38319,KATHIARI,KEVIN,MUTABARI,"+254 715-760-480",kevinntabahs@gmail.com,31783523,101,60600,67,113,101,60600,67,113,2,1,1,2,1998-09-09,2,Pro_forma_Invoice2.pdf
38320,2019,DIRECTLINE,103569,38320,OMBOTO,LUCAS,JOHN,"+254 712-067-062",johnlucas9293@gmail.com,28619064,381,40200,38,113,381,40200,38,113,2,1,245,2,1998-09-09,2,Pro_forma_Invoice2.pdf
38321,2019,DIRECTLINE,103570,38321,MUTHEE,LYNNET,WAIRIMU,"+254 719-829-643",lynnemuthee@gmail.com,28656170,67663,200,1,113,67663,200,1,113,1,4,1,2,1998-09-09,2,Pro_forma_Invoice2.pdf
38322,2019,DIRECTLINE,103571,38322,OSIOMA,MARSDEN,JOSHUA,"+254 722-761-616",maesdensaaka@gmail.com,A2330055,62612,200,1,113,62612,200,1,113,1,4,1,2,1998-09-09,2,Pro_forma_Invoice2.pdf
38323,2019,DIRECTLINE,103572,38323,MBUGUA,"MAUREEN JOYCE",WAMBUI,"+254 722-429-066",maureenw.mbugua@gmail.com,10225804,35239,100,1,113,35239,100,1,113,1,4,1,2,1998-09-09,2,Pro_forma_Invoice2.pdf
38324,2019,DIRECTLINE,103573,38324,WAWIRA,MILLICENT,WAIRIMU,"+254 722-360-798",ilyienimo55@gmail.com,28224100,9,10301,1,113,9,10301,1,113,1,4,1,2,1998-09-09,2,Pro_forma_Invoice2.pdf
38325,2019,DIRECTLINE,103574,38325,ISINDE,MONICA,KISUU,"+254 717-386-148",monicaisinde88@gmail.com,30791278,14288,200,1,113,14288,200,1,113,1,4,1,2,1998-09-09,2,Pro_forma_Invoice2.pdf
38326,2019,DIRECTLINE,103575,38326,GITONGA,PHENEAS,NONE,"+254 717-793-752",pheneas.gitonga@directline.co.ke,28332253,70905,400,1,113,70905,400,1,113,1,4,1,2,1998-09-09,2,Pro_forma_Invoice2.pdf
38327,2019,DIRECTLINE,103576,38327,WANJIRU,PHILIP,MBURU,"+254 713-981-949",pmburu578@gmail.com,25434533,56928,200,4,113,56928,200,4,113,2,1,18,2,1998-09-09,2,Pro_forma_Invoice2.pdf
38328,2019,DIRECTLINE,103577,38328,MAGAIGWA,PHILIP,NONE,"+254 713-953-259",philipgati.magaigwa@gmail.com,27990880,40863,100,1,113,40863,100,1,113,2,1,1,2,1998-09-09,2,Pro_forma_Invoice2.pdf
38329,2019,DIRECTLINE,103578,38329,MAKORI,RAEL,MORAA,"+254 724-775-635",moraarael@yahoo.com,24091177,2490,200,4,113,2490,200,4,113,1,4,18,2,1998-09-09,2,Pro_forma_Invoice2.pdf
38330,2019,DIRECTLINE,103579,38330,CHERUIYOT,RONALD,KIPROTICH,"+254 723-047-476",ronniejeru@gmail.com,28671861,62492,200,1,113,62492,200,1,113,2,1,1,2,1998-09-09,2,Pro_forma_Invoice2.pdf
38332,2019,DIRECTLINE,103580,38332,MUNYUA,WINNIE,WANJIKU,"+254 712-700-03",winnie.munyua@directline.co.ke,26235811,67345,100,1,113,67345,100,1,113,1,4,1,2,1998-09-09,2,Pro_forma_Invoice2.pdf
38333,2019,DIRECTLINE,103581,38333,WABUKALA,WYCLIFFE,NONE,"+254 708-480-237",wycliffewabukal24@gmail.com,27434848,40863,100,1,113,40863,100,1,113,2,1,1,2,1998-09-09,2,Pro_forma_Invoice2.pdf
38335,2019,"UAP OLDMUTUAL",103582,38335,OMBUNA,CHARLES,MIRAMBO,"+254 727-548-323",c.mirambo@yahoo.com,13570648,56928,200,2,113,56928,200,2,113,2,1,7,2,1998-09-09,2,Pro_forma_Invoice2.pdf
38336,2019,"UAP OLDMUTUAL",103583,38336,NG'ONG'A,JOSEPH,OMULLO,"+254 715-052-113",josephomullo@gmail.com,29108568,4378,40100,3,113,4378,40100,3,113,2,1,11,2,1998-09-09,2,Pro_forma_Invoice2.pdf
38337,2019,"UAP OLDMUTUAL",103584,38337,NDEREBA,MUTHONI,PURITY,"+254 729-956-993",muthonipurity63@gmail.com,30413213,53,200,1,113,53,200,1,113,1,4,1,2,1998-09-09,2,Pro_forma_Invoice2.pdf
38338,2019,"UAP OLDMUTUAL",103585,38338,CHEPKEMOI,LUCY,TANUI,"+254 722-636-860",sigeilucy@gmail.com,23981103,12101,1000,1,113,12101,1000,1,113,1,4,1,2,1998-09-09,2,Pro_forma_Invoice2.pdf
38341,2019,"UAP OLDMUTUAL",103586,38341,MUTAI,KIPYEGO,TITUS,"+254 706-465-847",ptitomutai@gmail.com,31847864,71,30705,1,113,71,30705,1,113,2,1,1,2,1998-09-09,2,Pro_forma_Invoice2.pdf
38342,2019,"UAP OLDMUTUAL",103587,38342,KIMAIYO,ANTONIUS,CHELAGAT,"+254 721-556-638",achelegat@yahoo.com,14543929,59632,200,1,113,59632,200,1,113,1,4,1,2,1998-09-09,2,Pro_forma_Invoice2.pdf
38343,2019,"UAP OLDMUTUAL",103588,38343,MABWA,WESLEY,OMIENA,"+254 703-119-726",wmabwa@live.com,29354780,615,30100,5,113,615,30100,5,113,2,1,21,2,1998-09-09,2,Pro_forma_Invoice2.pdf
38347,2019,"UAP OLDMUTUAL",103589,38347,OGOLA,"CAREY ROBERT",OCHIENG',"+254 724-855-655",carey.ogola@gmail.com,21783344,67645,200,1,113,67645,200,1,113,2,1,1,2,1998-09-09,2,Pro_forma_Invoice2.pdf
38348,2019,"UAP  OLDMUTUAL",103590,38348,MAINA,CONSOLATA,WANDIA,"+254 719-407-170",consomaina76@gmail.com,33124926,2074,200,1,113,2074,200,1,113,1,4,1,2,1998-09-09,2,Pro_forma_Invoice2.pdf
38349,2019,"UAP OLDMUTUAL",103591,38349,NJIRU,HELLEN,NJOKI,"+254 716-586-445",hellennjoki477@gmail.com,26258670,49343,100,1,113,49343,100,1,113,1,4,1,2,1998-09-09,2,Pro_forma_Invoice2.pdf
38351,2019,"UAP OLDMUTUAL",103592,38351,CHEGE,ERIC,NG'ANG'A,"+254 700-446-774",chege2548@gmail.com,33362935,62,900,34,113,62,900,34,113,2,1,215,2,1998-09-09,2,Pro_forma_Invoice2.pdf
38353,2019,"UAP OLDMUTUAL",103593,38353,MAUNDU,JULIANA,MUENI,"+254 724-177-567",muenijuliana15@gmail.com,28282836,35059,100,1,113,35059,100,1,113,1,4,1,2,1998-09-09,2,Pro_forma_Invoice2.pdf
38354,2019,"UAP OLDMUTUAL",103594,38354,KIPYEGON,JEBET,NONE,"+254 723-789-225",jjebet03@gmail.com,22299977,72670,200,1,113,72670,200,1,113,1,4,1,2,1998-09-09,2,Pro_forma_Invoice2.pdf
38357,2019,"UAP OLDMUTUAL",103595,38357,OMAR,MANASITI,NONE,"+254 708-176-655",manasitiomar92@gmail.com,31589184,65,205,1,113,65,205,1,113,1,4,1,2,1998-09-09,2,Pro_forma_Invoice2.pdf
38359,2019,"UAP OLDMUTUAL",103596,38359,KING'OO,SUSAN,MBULWA,"+254 721-935-458",susanmbulwa@gmail.com,27277629,73745,200,1,113,73745,200,1,113,1,4,1,2,1998-09-09,2,Pro_forma_Invoice2.pdf
38363,2019,"UAP OLDMUTUAL",103597,38363,AWINO,PETER,ODONDO,"+254 713-514-655",peterawino59@gmail.com,31716170,33,40139,1,113,33,40139,1,113,2,1,1,2,1998-09-09,2,Pro_forma_Invoice2.pdf
38364,2019,"UAP OLDMUTUAL",103598,38364,OBONYO,STONIC,AGWENY,"+254 704-844-732",obonyoagweny34@gmail.com,27989062,589,40222,69,113,589,40222,69,113,2,1,1,2,1998-09-09,2,Pro_forma_Invoice2.pdf
38366,2019,"UAP OLDMUTUAL",103599,38366,MIREHO,SELINE,MMBONE,"+254 798-237-221",mammlyne@gmail.com,30619119,35500,100,1,113,35500,100,1,113,1,4,1,2,1998-09-09,2,Pro_forma_Invoice2.pdf
38367,2019,"UAP OLDMUTUAL",103600,38367,KIBOI,OLIVE,NJERI,"+254 706-700-053",olivenjeri1@gmail.com,30779098,2309,60100,60,113,2309,60100,60,113,1,4,1,2,1998-09-09,2,Pro_forma_Invoice2.pdf
38369,2019,SELF,103601,38369,MUTEMI,CAROLYNE,KANAI,"+254 704-596-469",kanaicarolina@gmail.com,27552530,56928,100,1,113,56928,100,1,113,1,4,1,2,1998-09-09,2,Pro_forma_Invoice2.pdf
38370,2019,"UAP OLD MUTUAL",103602,38370,MALUKU,"JOHN  KASYOKA",MALUKU,"+254 723-497-106",jonkam2000@gmail.com,20885224,21188,505,1,113,21188,505,1,113,2,1,1,2,1998-09-09,2,Pro_forma_Invoice2.pdf
38373,2019,"UAP OLDMUTUAL",103603,38373,MUTHEE,CAROLYNE,MUTHEE,"+254 721-849-689",mcarolyne18@gmail.com,22593926,1138,100,1,113,1138,100,1,113,1,4,1,2,1998-09-09,2,Pro_forma_Invoice2.pdf
38374,2019,SELF,103604,38374,BOSIRE,NYANYUKI,OBED,"+254 734-803-198",bosire.obed@gmail.com,22712189,1,40503,36,113,1,40503,36,113,2,1,227,2,1998-09-09,2,Pro_forma_Invoice2.pdf
38377,2019,SELF,103605,38377,NGETHE,HANNAH,WAMBUI,"+254 728-760-150",annatasha7@gmail.com,28467111,64461,620,1,113,64461,620,1,113,1,4,1,2,1998-09-09,2,Pro_forma_Invoice2.pdf
38383,2019,SELF,103606,38383,MUTHOMI,PURITY,NKIROTE,"+254 788-512-425",purnike@yahoo.com,23961054,1676,60200,67,113,1676,60200,67,113,1,4,1,2,1998-09-09,2,Pro_forma_Invoice2.pdf
38384,2019,SELF,103607,38384,MICAH,DENIS,MOGAKA,"+254 737-807-794",micahdenis@outlook.com,31517982,1573,200,1,113,1573,200,1,113,2,1,1,2,1998-09-09,2,Pro_forma_Invoice2.pdf
38392,2019,SELF,103608,38392,GIKENYI,DANIEL,NYAGAKA,"+254 711-824-790",danielnyagaka@gmail.com,37853646,10600542,200,1,113,10600542,200,1,113,2,1,1,2,1998-09-09,2,Pro_forma_Invoice2.pdf
38401,2019,SELF,103609,38401,AMUTETE,HOWARD,NONE,"+254 746-252-415",howardmutete77@gmail.com,32896189,56928,200,1,113,56928,200,1,113,2,1,1,2,1998-09-09,2,Pro_forma_Invoice2.pdf
38402,2019,ODEL,103610,38402,OMANGA,ROSELYNE,MATURU,"+254 722-529-860",roselynomanga@gmail.com,23747172,52326,200,1,113,52326,200,1,113,1,4,1,2,1998-09-09,2,Pro_forma_Invoice2.pdf
38404,2019,BRITAM,103611,38404,OYUGI,"GEOFFREY KENNEDY",OWINO,"+254 780-402-863",geoffreykeowino@gmail.com,13491564,17056,510,1,113,17056,510,1,113,2,1,1,2,1998-09-09,2,Pro_forma_Invoice2.pdf
38405,2019,BRITAM,103612,38405,WACHIRA,BEATRICE,MUMBI,"+254 725-215-753",betty-mumbi30@gmail.com,24246880,610,946,73,113,610,946,73,113,1,4,1,2,1998-09-09,2,Pro_forma_Invoice2.pdf
38406,2019,BRITAM,103613,38406,OPONDO,JACINTA,ANYANGO,"+254 722-616-895",jacintaopondo@gmail.com,13681991,78505,507,1,113,78505,507,1,113,1,4,1,2,1998-09-09,2,Pro_forma_Invoice2.pdf
38407,2019,BRITAM,103614,38407,KARIUKI,RHODA,NJAMBI,"+254 721-539-861",kariuki.rhoda@gmail.com,20248954,102693,101,1,113,102693,101,1,113,1,4,1,2,1998-09-09,2,Pro_forma_Invoice2.pdf
38408,2019,BRITAM,103615,38408,MWAVUA,NAOMI,WUGHANGA,"+254 720-399-912",nmwavua@gmail.com,22022901,79635,200,1,113,79635,200,1,113,1,4,1,2,1998-09-09,2,Pro_forma_Invoice2.pdf
38409,2019,BRITAM,103616,38409,KITUA,FREDRICK,MUSAU,"+254 726-631-485",freddykitua@gmail.com,27011286,17,200,1,113,17,200,1,113,2,1,1,2,1998-09-09,2,Pro_forma_Invoice2.pdf
38410,2019,BRITAM,103617,38410,GITAU,NANCY,WAMBUI,"+254 720-245-390",nancywambuigitau1982@gmail.com,22781065,15,10205,1,113,15,10205,1,113,1,4,1,2,1998-09-09,2,Pro_forma_Invoice2.pdf
38411,2019,BRITAM,103618,38411,GATHUMBI,GLADYS,NJERI,"+254 723-932-995",ggathumbi88@gmail.com,23629696,16,10205,99,113,16,10205,99,113,1,4,1,2,1998-09-09,2,Pro_forma_Invoice2.pdf
38412,2019,BRITAM,103619,38412,KISURKAT,JENNIPHER,SEKEYIAH,"+254 723-060-218",jennipherkeyian@gmail.com,30836481,152,20500,47,113,152,20500,47,113,1,4,311,2,1998-09-09,2,Pro_forma_Invoice2.pdf
38414,2019,BRITAM,103620,38414,OTIENO,ALUOCH,WINFRED,"+254 792-426-087",winnyaluoch@yahoo.com,25265303,1083,40100,3,113,1083,40100,3,113,1,4,11,2,1998-09-09,2,Pro_forma_Invoice2.pdf
38415,2019,BRITAM,103621,38415,MBOYA,CALVINS,OTIENO,"+254 705-076-628",calvinsmboya@gmail.com,30913165,336,40101,42,113,336,40101,42,113,2,1,273,2,1998-09-09,2,Pro_forma_Invoice2.pdf
38416,2019,BRITAM,103622,38416,KARANJA,ROSE,NDUTA,"+254 728-406-632",rndutao74@gmail.com,24115752,1487,1000,14,113,1487,1000,14,113,1,4,72,2,1998-09-09,2,Pro_forma_Invoice2.pdf
38418,2019,BRITAM,103623,38418,OKOYO,HEBSON,ONYANGO,"+254 724-483-745",okoyohesbon4@gmail.com,25927898,252,40200,38,113,252,40200,38,113,2,1,245,2,1998-09-09,2,Pro_forma_Invoice2.pdf
38419,2019,BRITAM,103624,38419,OKENGO,SILVESTER,OCHIENG,"+254 727-775-858",okengo.sylvester.84@gmail.com,25190585,538,40400,57,113,538,40400,57,113,2,1,1,2,1998-09-09,2,Pro_forma_Invoice2.pdf
38420,2019,BRITAM,103625,38420,MURAYA,LYDIA,MYAMBURA,"+254 721-502-014",lydjoj@mail.com,26060273,6147,1000,14,113,6147,1000,14,113,1,4,72,2,1998-09-09,2,Pro_forma_Invoice2.pdf
38421,2019,BRITAM,103626,38421,MWITI,DOUGLAS,KINOTI,"+254 726-475-908",mwit361@gmail.com,21904115,1487,100,14,113,1487,100,14,113,2,1,72,2,1998-09-09,2,Pro_forma_Invoice2.pdf
38422,2019,BRITAM,103627,38422,MURIITHI,MARY,WANJIRA,"+254 723-739-133",muriithimary247@gmail.com,9813557,1487,1000,14,113,1487,1000,14,113,1,4,72,2,1998-09-09,2,Pro_forma_Invoice2.pdf
38423,2019,BRITAM,103628,38423,KIMANI,"AYAFOR AZISEH",NGWINGMBA,"+254 726-881-695",nging.kimani@gmail.com,37276672,17719,100,1,113,17719,100,1,113,1,4,1,2,1998-09-09,2,Pro_forma_Invoice2.pdf
38424,2019,BRITAM,103629,38424,KURI,CHARITY,FURAHA,"+254 722-995-996",charitysiganga2013@gmail.com,7276280,19709,100,1,113,19709,100,1,113,1,4,1,2,1998-09-09,2,Pro_forma_Invoice2.pdf
38425,2019,BRITAM,103630,38425,CAROLINE,AWOUR,ONYANGO,"+254 712-330-532",dummy14@gmail.com,24113949,1465,300,1,113,1465,300,1,113,1,4,1,2,1998-09-09,2,Pro_forma_Invoice2.pdf
38426,2019,BRITAM,103631,38426,THUNGU,ANTHONY,NDUNGU,"+254 701-656-200",antondungu15@gmail.com,30581205,90213,80100,2,113,90213,80100,2,113,2,1,7,2,1998-09-09,2,Pro_forma_Invoice2.pdf
38427,2019,BRITAM,103632,38427,ONYANGO,FLORENCE,LILIAN,"+254 721-870-821",fkadenge@gmail.com,10559175,26318,504,1,113,26318,504,1,113,1,4,1,2,1998-09-09,2,Pro_forma_Invoice2.pdf
38428,2019,BRITAM,103633,38428,NDWIGA,"MURUGI MAGDALENE",MARY,"+254 711-124-378",magdamurugi12@gmail.com,33432365,113,60103,56,113,113,60103,56,113,1,4,1,2,1998-09-09,2,Pro_forma_Invoice2.pdf
38431,2019,MSA-C,103634,38431,MACHI,CHRISPINE,MARENGE,"+254 729-257-711",chrispinemachi@gmail.com,36605620,82556,80100,2,113,82556,80100,2,113,2,1,7,2,1998-09-09,2,Pro_forma_Invoice2.pdf
38432,2019,MSA-C,103635,38432,IRINA,EDISON,MLANDA,"+254 722-351-234",edisonirina@apainsurance.org,2284627,82402,80100,2,113,82402,80100,2,113,2,1,7,2,1998-09-09,2,Pro_forma_Invoice2.pdf
38433,2019,MSA-C,103636,38433,KINYUA,FAITH,MUKAMI,"+254 722-844-723",mukamif@gmail.com,14734004,82424,80100,2,113,82424,80100,2,113,1,4,7,2,1998-09-09,2,Pro_forma_Invoice2.pdf
38434,2019,MSA-C,103637,38434,MULI,FAITH,MWIKALI,"+254 711-362-258",faithghar@gmail.com,28817554,17024,80100,2,113,17024,80100,2,113,1,4,7,2,1998-09-09,2,Pro_forma_Invoice2.pdf
38435,2019,MSA-C,103638,38435,HAJIR,FATUMA,ISMAIL,"+254 728-122-751",hajirfatma45@gmail.com,30863300,56928,200,2,113,56928,200,2,113,1,4,7,2,1998-09-09,2,Pro_forma_Invoice2.pdf
38436,2019,MSA-C,103639,38436,NJOROGE,FLORENCE,WANJIRU,"+254 721-747-916",fnjoroge002@gmail.com,22015248,85007,80100,2,113,85007,80100,2,113,1,4,7,2,1998-09-09,2,Pro_forma_Invoice2.pdf
38437,2019,MSA-C,103640,38437,KANGETHE,GLADWELL,KABURA,"+254 726-154-400",kangethegladwell@gmail.com,27457490,45067,100,1,113,45067,100,1,113,1,4,1,2,1998-09-09,2,Pro_forma_Invoice2.pdf
38438,2019,MSA-C,103641,38438,KYENGO,GLADYS,NYIVA,"+254 723-853-807",nyivahgladys@gmail.com,23361260,394,20109,2,113,394,20109,2,113,1,4,7,2,1998-09-09,2,Pro_forma_Invoice2.pdf
38439,2019,MSA-C,103642,38439,MUHKWANA,IRENE,NALIAKA,"+254 703-102-864",irenemukhwana72@gmail.com,30575567,345,80100,2,113,345,80100,2,113,1,4,7,2,1998-09-09,2,Pro_forma_Invoice2.pdf
38440,2019,MSA-C,103643,38440,KIMWELE,LENAH,MALI,"+254 705-504-906",lenahkimwele95@gmail.com,33718226,56928,200,2,113,56928,200,2,113,1,4,7,2,1998-09-09,2,Pro_forma_Invoice2.pdf
38441,2019,MSA-C,103644,38441,KILOKO,LILIAN,NONE,"+254 718-404-489",liliankimeulkiloko@gmail.com,37027633,56928,200,2,113,56928,200,2,113,1,4,7,2,1998-09-09,2,Pro_forma_Invoice2.pdf
38442,2019,MSA-C,103645,38442,AMUKUMBI,LOISE,NANGENYA,"+254 729-817-403",dummy15@gmail.com,25665302,56928,200,2,113,56928,200,2,113,1,4,7,2,1998-09-09,2,Pro_forma_Invoice2.pdf
38443,2019,MSA-C,103646,38443,MWADIME,MERCY,SAMBA,"+254 708-228-748",mwadimemercie0@gmail.com,28436605,585,80100,2,113,585,80100,2,113,1,4,7,2,1998-09-09,2,Pro_forma_Invoice2.pdf
38444,2019,MSA-C,103647,38444,MACHUKA,NELSON,MAETA,"+254 708-517-790",maleybronx@gmail.com,32064355,88105,80100,2,113,88105,80100,2,113,2,1,7,2,1998-09-09,2,Pro_forma_Invoice2.pdf
38445,2019,MSA-C,103648,38445,NZIOKA,PAULINE,KITHEI,"+254 705-507-159",paulnzioka94@gmail.com,32466114,248,80100,2,113,248,80100,2,113,1,4,7,2,1998-09-09,2,Pro_forma_Invoice2.pdf
38446,2019,MSA-C,103649,38446,NYANGE,PHIDILIA,CHUGHU,"+254 792-357-019",dummy16@gmail.com,36749583,56928,200,2,113,56928,200,2,113,1,4,7,2,1998-09-09,2,Pro_forma_Invoice2.pdf
38447,2019,MSA-C,103650,38447,NYANUMBA,ROBERT,NONE,"+254 723-596-488",robertnyanumba@yahoo.com,26506929,56928,200,2,113,56928,200,2,113,2,1,7,2,1998-09-09,2,Pro_forma_Invoice2.pdf
38448,2019,MSA-C,103651,38448,SARIAH,SAID,SWALEH,"+254 725-107-280",saidswaleh.ss@gmail.com,28702184,56928,200,2,113,56928,200,2,113,2,1,7,2,1998-09-09,2,Pro_forma_Invoice2.pdf
38450,2019,MSA-C,103652,38450,FRANCIS,STELLA,KALEKYE,"+254 719-748-195",s.kalekye92@gmail.com,30325337,87006,80100,2,113,87006,80100,2,113,1,4,7,2,1998-09-09,2,Pro_forma_Invoice2.pdf
38451,2019,MSA-C,103653,38451,MUTUA,SUSAN,KAMBUA,"+254 729-619-006",dummy17@gmail.com,25743919,83904,80100,2,113,83904,80100,2,113,1,4,7,2,1998-09-09,2,Pro_forma_Invoice2.pdf
38452,2019,MSA-C,103654,38452,RAU,SUSAN,KWEKWE,"+254 722-447-259",susankwekwe@gmail.com,22291070,558,80100,2,113,558,80100,2,113,1,4,7,2,1998-09-09,2,Pro_forma_Invoice2.pdf
38453,2019,MSA-C,103655,38453,DIN,ZAFIR,ZULFIKAR,"+254 725-227-772",zalfir@gakenya.com,21108593,84081,80100,2,113,84081,80100,2,113,2,1,7,2,1998-09-09,2,Pro_forma_Invoice2.pdf
38456,2019,MSA-C,103656,38456,MAROA,SILVESTER,MEREMO,"+254 703-867-101",leshsly7@gmail.com,25125736,182,40143,57,113,182,40143,57,113,2,1,1,2,1998-09-09,2,Pro_forma_Invoice2.pdf
38457,2019,SELF,103657,38457,KARIMI,CHRISTINE,NONE,"+254 721-572-454",kachris2001@gmail.com,21714671,1316,606,1,113,1316,606,1,113,1,4,1,2,1998-09-09,2,Pro_forma_Invoice2.pdf
38465,2019,BRITAM,103658,38465,HANDA,MATSATSA,EMILY,"+254 727-778-517",emmy.handa@yahoo.com,28069386,96,50100,31,113,96,50100,31,113,1,4,193,2,1998-09-09,2,Pro_forma_Invoice2.pdf
38472,2019,CITADEL,103659,38472,EMILIO,ANGELA,KARIMI,"+254 728-554-608",angelakarimiemilio@gmail.com,32006657,1767,60100,60,113,1767,60100,60,113,1,4,1,2,1998-09-09,2,Pro_forma_Invoice2.pdf
38473,2019,CITADEL,103660,38473,MWENDWA,ANNBETH,NONE,"+254 717-591-619",mwendwaannbeth@gmail.com,31189694,913,7889,67,113,913,7889,67,113,1,4,1,2,1998-09-09,2,Pro_forma_Invoice2.pdf
38475,2019,CITADEL,103661,38475,NGUGI,ANTONY,MUTURI,"+254 710-979-069",tonnyngg@yahoo.com,24387158,7665,30100,5,113,7665,30100,5,113,2,1,21,2,1998-09-09,2,Pro_forma_Invoice2.pdf
38476,2019,CITADEL,103662,38476,KADANDO,OOLA,BONFACE,"+254 701-808-308",oolabonface@gmail.com,32158622,7185,30100,5,113,7185,30100,5,113,2,1,21,2,1998-09-09,2,Pro_forma_Invoice2.pdf
38477,2019,CITADEL,103663,38477,MAKAMBU,ONDUKO,BONIFACE,"+254 723-316-217",binniemakambu52@gmail.com,28570550,2064,8017,4,113,2064,8017,4,113,2,1,18,2,1998-09-09,2,Pro_forma_Invoice2.pdf
38478,2019,CITADEL,103664,38478,JAMES,CHRIS,ZEKKEY,"+254 712-347-905",zekkeychris@gmail.com,30474261,56928,200,5,113,56928,200,5,113,2,1,21,2,1998-09-09,2,Pro_forma_Invoice2.pdf
38480,2019,CITADEL,103665,38480,VILILI,DAVID,ASIEMA,"+254 720-176-170",dasiema@pioneerassurance.co.ke,23562110,20333,200,1,113,20333,200,1,113,2,1,1,2,1998-09-09,2,Pro_forma_Invoice2.pdf
38482,2019,CITADEL,103666,38482,OMWANDO,DIVINAH,NYAMISA,"+254 710-417-688",divinahnyamisa@gmail.com,32098686,7185,30100,5,113,7185,30100,5,113,1,4,21,2,1998-09-09,2,Pro_forma_Invoice2.pdf
38483,2019,CITADEL,103667,38483,KALANGILI,DOROTHY,MUTTO,"+254 717-381-237",dorothykalangili@yahoo.com,21842407,9065,30100,5,113,9065,30100,5,113,1,4,21,2,1998-09-09,2,Pro_forma_Invoice2.pdf
38484,2019,CITADEL,103668,38484,NYADUNDO,EMILY,ACHIENG,"+254 791-507-365",eachieng@pioneer.co.ke,13890010,900,40100,3,113,900,40100,3,113,1,4,11,2,1998-09-09,2,Pro_forma_Invoice2.pdf
38485,2019,CITADEL,103669,38485,AGALA,KHAVAI,ENID,"+254 705-595-665",enidagala95@gmail.com,32301306,1425,200,25,113,1425,200,25,113,1,4,163,2,1998-09-09,2,Pro_forma_Invoice2.pdf
38486,2019,CITADEL,103670,38486,OJARO,EUNICE,AUMA,"+254 700-043-498",euniceojaroo@gmail.com,26158278,81029,80100,2,113,81029,80100,2,113,1,4,7,2,1998-09-09,2,Pro_forma_Invoice2.pdf
38488,2019,CITADEL,103671,38488,KINYATTA,GEOFFREY,MUTEGI,"+254 741-642-975",kinyattageoffrey@gmail.com,35864017,913,7681,67,113,913,7681,67,113,2,1,1,2,1998-09-09,2,Pro_forma_Invoice2.pdf
38489,2019,CITADEL,103672,38489,OMINA,GLADYS,ACHIENG,"+254 726-975-873",gladomin8@gmail.com,22958782,7185,200,5,113,7185,200,5,113,1,4,21,2,1998-09-09,2,Pro_forma_Invoice2.pdf
38490,2019,CITADEL,103673,38490,AMATTAH,GRACE,CHEBET,"+254 716-422-719",gamatta@gmail.com,23602047,7185,30100,5,113,7185,30100,5,113,1,4,21,2,1998-09-09,2,Pro_forma_Invoice2.pdf
38491,2019,CITADEL,103674,38491,ONDITI,ILLEEN,AWINO,"+254 710-284-261",awinoilleen@gmail.com,28717323,20333,200,1,113,20333,200,1,113,1,4,1,2,1998-09-09,2,Pro_forma_Invoice2.pdf
38492,2019,CITADEL,103675,38492,ODUOR,ISAIAH,RACHUONYO,"+254 702-923-418",oduorranda@gmail.com,28820193,7185,30100,5,113,7185,30100,5,113,2,1,21,2,1998-09-09,2,Pro_forma_Invoice2.pdf
38495,2019,CITADEL,103676,38495,THUKU,JAMES,NJOKU,"+254 711-391-996",www.jemmothukus@gmail.com,24387593,30200,562,25,113,30200,562,25,113,2,1,163,2,1998-09-09,2,Pro_forma_Invoice2.pdf
38496,2019,CITADEL,103677,38496,MUCHOKI,JANE,WAITHIRA,"+254 722-164-339",jane.muchoki@yahoo.com,10893136,2625,20100,4,113,2625,20100,4,113,1,4,18,2,1998-09-09,2,Pro_forma_Invoice2.pdf
38497,2019,CITADEL,103678,38497,KARISA,JESCAFAMY,NONE,"+254 720-204-301",kjassiemercy@yahoo.com,276227519,20333,200,1,113,20333,200,1,113,1,4,1,2,1998-09-09,2,Pro_forma_Invoice2.pdf
38498,2019,CITADEL,103679,38498,MTEITEI,JOCKTAN,MJAWASI,"+254 710-544-706",jockyanmteitei@gmail.com,29599681,186,6853,78,113,186,6853,78,113,2,1,1,2,1998-09-09,2,Pro_forma_Invoice2.pdf
38499,2019,CITADEL,103680,38499,DONGE,JOHNSTONE,RICHARD,"+254 714-172-984",dongejo@gmail.com,20758302,900,40100,3,113,900,40100,3,113,2,1,11,2,1998-09-09,2,Pro_forma_Invoice2.pdf
38500,2019,CITADEL,103681,38500,OBIERO,JOSEPH,ODUOR,"+254 729-093-277",pasjoseph124@gmail.com,25967485,7185,30100,5,113,7185,30100,5,113,2,1,21,2,1998-09-09,2,Pro_forma_Invoice2.pdf
38501,2019,CITADEL,103682,38501,NABUYUMBU,JOSEPHINE,NORAH,"+254 797-600-967",josephinenabuyumbu@gmail.com,33095872,562,200,25,113,562,200,25,113,1,4,163,2,1998-09-09,2,Pro_forma_Invoice2.pdf
38502,2019,CITADEL,103683,38502,KOMEN,JOSPHAT,KIBET,"+254 726-523-950",josphatkomen3@gmail.com,31862932,2625,200,4,113,2625,200,4,113,2,1,18,2,1998-09-09,2,Pro_forma_Invoice2.pdf
38503,2019,CITADEL,103684,38503,NGUI,KELVIN,KIKANU,"+254 702-380-471",kelvinkikanu@yahoo.com,31853715,477,90100,13,113,477,90100,13,113,2,1,68,2,1998-09-09,2,Pro_forma_Invoice2.pdf
38504,2019,CITADEL,103685,38504,WANDIE,KEVIN,MWAURA,"+254 724-316-482",kevwandy@gmail.com,25241400,56928,200,1,113,56928,200,1,113,2,1,1,2,1998-09-09,2,Pro_forma_Invoice2.pdf
38506,2019,CITADEL,103686,38506,NJERU,LINA,MUTHONI,"+254 722-367-036",linanjeru17@gmail.com,14676618,61807,200,1,113,61807,200,1,113,1,4,1,2,1998-09-09,2,Pro_forma_Invoice2.pdf
38507,2019,CITADEL,103687,38507,MUTISYA,LUCY,NZILANI,"+254 715-644-675",lmutisya919@gmail.com,28541925,477,90100,13,113,477,90100,13,113,1,4,68,2,1998-09-09,2,Pro_forma_Invoice2.pdf
38510,2019,CITADEL,103688,38510,MWANGI,MARY,WANGUI,"+254 791-036-536",marymwangi02@gmail.com,28366911,2625,20100,4,113,2625,20100,4,113,1,4,18,2,1998-09-09,2,Pro_forma_Invoice2.pdf
38511,2019,CITADEL,103689,38511,WAFULA,MASINDE,NATHAN,"+254 718-653-204",changalwanathan92@gmail.com,29175408,2562,100,14,113,2562,100,14,113,2,1,72,2,1998-09-09,2,Pro_forma_Invoice2.pdf
38512,2019,CITADEL,103690,38512,WARINDA,PAMELA,AUMA,"+254 724-115-779",aumapamela45@gmail.com,14478989,7185,30100,5,113,7185,30100,5,113,1,4,21,2,1998-09-09,2,Pro_forma_Invoice2.pdf
38513,2019,CITADEL,103691,38513,JUMA,PAUL,KASYOKI,"+254 705-171-002",pauljuma45@gmail.com,32154061,477,90100,13,113,477,90100,13,113,2,1,68,2,1998-09-09,2,Pro_forma_Invoice2.pdf
38514,2019,CITADEL,103692,38514,MAKAMBI,PETER,OTARA,"+254 727-919-008",makam3bey@gmail.com,9372498,477,90100,13,113,477,90100,13,113,2,1,68,2,1998-09-09,2,Pro_forma_Invoice2.pdf
38516,2019,CITADEL,103693,38516,JAMES,RUTH,NZILANI,"+254 719-312-345",dummy18@gmail.com,30288514,477,90100,13,113,477,90100,13,113,1,4,68,2,1998-09-09,2,Pro_forma_Invoice2.pdf
38517,2019,CITADEL,103694,38517,MOGOI,BARONGO,SAMSON,"+254 719-689-508",senghormogoi@gmail.com,30230283,775,40200,38,113,775,40200,38,113,2,1,245,2,1998-09-09,2,Pro_forma_Invoice2.pdf
38518,2019,CITADEL,103695,38518,NJUGUNA,RAHAB,WANGARI,"+254 727-133-050",dummy19@gmail.com,25152618,20333,200,1,113,20333,200,1,113,1,4,1,2,1998-09-09,2,Pro_forma_Invoice2.pdf
38519,2019,CITADEL,103696,38519,NJOROGE,DAMARIS,WAMBUI,"+254 711-590-616",simon.muna123@gmail.com,20698091,2625,20100,4,113,2625,20100,4,113,2,1,18,2,1998-09-09,2,Pro_forma_Invoice2.pdf
38520,2019,CITADEL,103697,38520,NYANGWESO,SOLPHAN,ABUKUTSA,"+254 728-498-271",solphan112gassar@gmail.com,27590346,900,70100,3,113,900,70100,3,113,2,1,11,2,1998-09-09,2,Pro_forma_Invoice2.pdf
38521,2019,CITADEL,103698,38521,NJUE,SUSAN,WANGARI,"+254 714-165-823",susanwanjue04@gmail.com,27062810,22094,100,1,113,22094,100,1,113,1,4,1,2,1998-09-09,2,Pro_forma_Invoice2.pdf
38522,2019,CITADEL,103699,38522,MUTUKU,TERESIA,NDUNGE,"+254 700-885-316",imutuku@pioneerassurance.co.ke,28894144,477,90100,13,113,477,90100,13,113,1,4,68,2,1998-09-09,2,Pro_forma_Invoice2.pdf
38526,2019,CITADEL,103700,38526,MWAI,ANNE,NDUTA,"+254 721-393-145",ndutamwai5@gmail.com,24405058,117,1000,14,113,117,1000,14,113,1,4,72,2,1998-09-09,2,Pro_forma_Invoice2.pdf
38527,2019,CITADEL,103701,38527,SAMBA,BENSON,NAFTALI,"+254 721-304-423",nafsamba@yahoo.com,9928645,3507,40200,38,113,3507,40200,38,113,2,1,245,2,1998-09-09,2,Pro_forma_Invoice2.pdf
38528,2019,CITADEL,103702,38528,MUNYAO,BOSCO,KYENGO,"+254 --",boscomunyao15@gmail.com,3347599,3232,200,1,113,3232,200,1,113,2,1,1,2,1998-09-09,2,Pro_forma_Invoice2.pdf
38530,2019,CITADEL,103703,38530,GITUMA,CAROLINE,KENDI,"+254 729-006-128",cgtush@gmail.com,26368818,319,60200,67,113,319,60200,67,113,1,4,1,2,1998-09-09,2,Pro_forma_Invoice2.pdf
38532,2019,CITADEL,103704,38532,CHERUTOI,JEPKOECH,NONE,"+254 728-723-446",valarycherutoi@yahoo.com,26121057,283,20200,28,113,283,20200,28,113,1,4,177,2,1998-09-09,2,Pro_forma_Invoice2.pdf
38533,2019,CITADEL,103705,38533,INGUMBA,EUNICE,MUKOSERO,"+254 710-251-604",eingumba@yahoo.com,24815413,2362,50100,31,113,2362,50100,31,113,1,4,193,2,1998-09-09,2,Pro_forma_Invoice2.pdf
38534,2019,CITADEL,103706,38534,MUKONYI,EVANS,MWALATI,"+254 725-059-360",evanmukongi@gmail.com,26212362,2362,50100,31,113,2362,50100,31,113,2,1,193,2,1998-09-09,2,Pro_forma_Invoice2.pdf
38535,2019,CITADEL,103707,38535,MBOK,FLORA,ADHIAMBO,"+254 715-276-820",florambok88@gmail.com,26126436,3030,200,3,113,3030,200,3,113,1,4,11,2,1998-09-09,2,Pro_forma_Invoice2.pdf
38536,2019,CITADEL,103708,38536,KALAMU,HARRISON,KASAYA,"+254 704-481-157",harrisonkasaya@gmail.com,30159021,792,50205,50,113,792,50205,50,113,2,1,1,2,1998-09-09,2,Pro_forma_Invoice2.pdf
38538,2019,CITADEL,103709,38538,CHAHALE,HILDAH,MMBONE,"+254 790-334-428",hildahchahale@gmail.com,31455632,992,200,32,113,992,200,32,113,1,4,198,2,1998-09-09,2,Pro_forma_Invoice2.pdf
38539,2019,CITADEL,103710,38539,MOMANYI,INNOCENT,MOGAKA,"+254 700-060-646",momainnocent@gmail.com,31750046,1105,200,38,113,1105,200,38,113,2,1,245,2,1998-09-09,2,Pro_forma_Invoice2.pdf
38540,2019,CITADEL,103711,38540,OTIENO,JACKLINE,ACHIENG,"+254 707-127-106",dummy20@gmail.com,30730709,2565,40100,3,113,2565,40100,3,113,1,4,11,2,1998-09-09,2,Pro_forma_Invoice2.pdf
38541,2019,CITADEL,103712,38541,TAITI,JOEL,KAGERA,"+254 715-284-857",kagtaiti@gmail.com,22357476,161,10100,17,113,161,10100,17,113,2,1,101,2,1998-09-09,2,Pro_forma_Invoice2.pdf
38542,2019,CITADEL,103713,38542,NDUNDA,LYNN,NDINDA,"+254 726-530-388",lynnndunda@gmail.com,31425900,56928,200,8,113,56928,200,8,113,1,4,34,2,1998-09-09,2,Pro_forma_Invoice2.pdf
38543,2019,CITADEL,103714,38543,JUMA,WANGA,MARTIN,"+254 721-670-900",martinekeirah#@gmail.com,28839739,56928,200,1,113,56928,200,1,113,2,1,1,2,1998-09-09,2,Pro_forma_Invoice2.pdf
38544,2019,CITADEL,103715,38544,JALEGA,MAUREEN,NONE,"+254 712-018-109",maureenjalega@gmail.com,26201305,2362,50100,31,113,2362,50100,31,113,1,4,193,2,1998-09-09,2,Pro_forma_Invoice2.pdf
38545,2019,CITADEL,103716,38545,OUMA,MICHAEL,ODUOR,"+254 710-487-283",oumamyk12@gmail.com,31644571,644,200,3,113,644,200,3,113,2,1,11,2,1998-09-09,2,Pro_forma_Invoice2.pdf
38547,2019,CITADEL,103717,38547,M'MUTIGA,MOSES,KIOGORA,"+254 712-157-327",mosesmutiga@gmail.com,13181719,212,60200,67,113,212,60200,67,113,2,1,1,2,1998-09-09,2,Pro_forma_Invoice2.pdf
38548,2019,CITADEL,103718,38548,OKUTA,MYRONE,OUMA,"+254 706-592-526",okutaouma97@gmail.com,36227482,400,25005,3,113,400,25005,3,113,2,1,11,2,1998-09-09,2,Pro_forma_Invoice2.pdf
38549,2019,CITADEL,103719,38549,KAARA,NAFTALY,KIMANI,"+254 723-578-671",kkaaras58@gmail.com,A2310783,803,100,1,113,803,100,1,113,2,1,1,2,1998-09-09,2,Pro_forma_Invoice2.pdf
38550,2019,CITADEL,103720,38550,KIMUYU,PATRICK,KILONZO,"+254 737-732-553",kimuyupatrick@gmail.com,23982269,26702,504,1,113,26702,504,1,113,2,1,1,2,1998-09-09,2,Pro_forma_Invoice2.pdf
38551,2019,CITADEL,103721,38551,KARIMI,PETER,MACHARIA,"+254 701-597-525",cpamachariak@gmail.com,32704358,289,10100,1,113,289,10100,1,113,2,1,1,2,1998-09-09,2,Pro_forma_Invoice2.pdf
38554,2019,CITADEL,103722,38554,RAEL,WAKHURA,NONE,"+254 721-836-541",raelwakhura@gmail.com,21979938,2362,50100,31,113,2362,50100,31,113,1,4,193,2,1998-09-09,2,Pro_forma_Invoice2.pdf
38556,2019,CITADEL,103723,38556,OPONDO,ROBERT,FANUEL,"+254 729-580-921",robertfanuelopondo250@gmail.com,29819676,876,40100,3,113,876,40100,3,113,2,1,11,2,1998-09-09,2,Pro_forma_Invoice2.pdf
38557,2019,CITADEL,103724,38557,MUSOMBA,SCHOLASTICA,MWENDE,"+254 725-575-574",gabbyscholar@gmail.com,31740862,8370,100,1,113,8370,100,1,113,1,4,1,2,1998-09-09,2,Pro_forma_Invoice2.pdf
38558,2019,CBA,103725,38558,NAMAYI-RIBIRU,EDINA,AMAKOBE,"+254 735-683-361",edina.ribiru@gmail.com,22319338,56928,200,1,113,56928,200,1,113,1,4,1,2,1998-09-09,2,Pro_forma_Invoice2.pdf
38559,2019,CITADEL,103726,38559,ALUSIOLA,KHALIESA,SHEILLA,"+254 722-597-353",sheilakhalie59@gmail.com,21184039,26261,100,1,113,26261,100,1,113,1,4,1,2,1998-09-09,2,Pro_forma_Invoice2.pdf
38560,2019,CITADEL,103727,38560,WAIRAGU,STELLA,NJERI,"+254 711-844-209",stellawairagu@gmail.com,33607038,206,200,1,113,206,200,1,113,1,4,1,2,1998-09-09,2,Pro_forma_Invoice2.pdf
38561,2019,CITADEL,103728,38561,OBONGO,WILSON,NONE,"+254 741-827-668",wilsonbongo@yahoo.com,988577,2576,40100,3,113,2576,40100,3,113,2,1,11,2,1998-09-09,2,Pro_forma_Invoice2.pdf
38565,2019,CITADEL,103729,38565,WANYEKI,EUNICE,WAMBUI,"+254 703-834-469",eunicemungai906@gmail.com,32944693,713,10400,73,113,713,10400,73,113,1,4,1,2,1998-09-09,2,Pro_forma_Invoice2.pdf
38567,2019,CITADEL,103730,38567,KYALO,MAGDALENE,KAMENE,"+254 721-860-154",magdalene.ombati@gmail.com,23168036,21006,100,1,113,21006,100,1,113,1,4,1,2,1998-09-09,2,Pro_forma_Invoice2.pdf
38568,2019,CITADEL,103731,38568,MAINGI,"MARIAH ROSAH",KINANU,"+254 724-003-949",maingimariah@gmail.com,22673607,682,60200,67,113,682,60200,67,113,1,4,1,2,1998-09-09,2,Pro_forma_Invoice2.pdf
38570,2019,CITADEL,103732,38570,MUENDO,SAMUEL,MUTHUI,"+254 724-729-592",mwendosamuel266@gmail.com,321778327,30389,100,1,113,30389,100,1,113,2,1,1,2,1998-09-09,2,Pro_forma_Invoice2.pdf
38571,2019,CITADEL,103733,38571,KARIUKI,STELLA,MUTHONI,"+254 723-274-594",stellamuthonik@gmail.com,30663643,124,10103,1,113,124,10103,1,113,1,4,1,2,1998-09-09,2,Pro_forma_Invoice2.pdf
38573,2019,CITADEL,103734,38573,WACHIRA,WILSON,MURAYA,"+254 748-383-653",willymurash@gmail.com,35778719,56928,200,73,113,56928,200,73,113,2,1,1,2,1998-09-09,2,Pro_forma_Invoice2.pdf
38575,2019,CITADEL,103735,38575,KITI,ALFRED,MWAKUNI,"+254 725-267-897",alfredmwakuni@gmail.com,20968302,90101,80100,2,113,90101,80100,2,113,2,1,7,2,1998-09-09,2,Pro_forma_Invoice2.pdf
38576,2019,CITADEL,103736,38576,KILEL,ALICE,CHEPKOECH,"+254 721-791-522",alicekilel@gmail.com,22968882,1030,30300,32,113,1030,30300,32,113,1,4,198,2,1998-09-09,2,Pro_forma_Invoice2.pdf
38577,2019,CITADEL,103737,38577,MUSYAWA,ANITA,MUTHOKI,"+254 741-532-821",anitamuthoki17@gmail.com,31208076,83449,80100,2,113,83449,80100,2,113,1,4,7,2,1998-09-09,2,Pro_forma_Invoice2.pdf
38578,2019,CITADEL,103738,38578,JEPKOECH,ANNA,NONE,"+254 705-653-936",annagiftpromise@gmail.com,29767054,1500,902,8,113,1500,902,8,113,1,4,34,2,1998-09-09,2,Pro_forma_Invoice2.pdf
38579,2019,CITADEL,103739,38579,WABERE,ANN,WANJIKU,"+254 713-587-916",ann.wabere@life.icealion.com,16109762,372,10106,1,113,372,10106,1,113,1,4,1,2,1998-09-09,2,Pro_forma_Invoice2.pdf
38580,2019,,103740,38580,KIMANI,ANTHONY,MACHARIA,"+254 721-694-296",dummy21@gmail.com,13223172,772,217,27,113,772,217,27,113,2,1,171,2,1998-09-09,2,Pro_forma_Invoice2.pdf
38581,2019,CITADEL,103741,38581,ODUK,BERYL,ATIENO,"+254 702-135-824",batieno61@yahoo.com,23518562,2585,200,3,113,2585,200,3,113,1,4,11,2,1998-09-09,2,Pro_forma_Invoice2.pdf
38582,2019,CITADEL,103742,38582,NGATA,CAROLINE,WAIRIMU,"+254 712-761-137",carolynengatia@gmail.com,33525703,12101,20100,4,113,12101,20100,4,113,1,4,18,2,1998-09-09,2,Pro_forma_Invoice2.pdf
38583,2019,CITADEL,103743,38583,RANDAH,CLINTON,OCHIENG,"+254 703-974-931",crandah@gmail.com,30812152,57,30404,5,113,57,30404,5,113,2,1,21,2,1998-09-09,2,Pro_forma_Invoice2.pdf
38584,2019,CITADEL,103744,38584,OHURU,DENNIS,OCHIENG,"+254 703-725-60",denbujabs@gmail.com,31095542,111,40614,1,113,111,40614,1,113,2,1,1,2,1998-09-09,2,Pro_forma_Invoice2.pdf
38585,2019,CITADEL,103745,38585,KINOTI,DOROTHY,KAGWIRIA,"+254 728-948-409",dorothykinoti64@gmail.com,28314561,29,60202,1,113,29,60202,1,113,1,4,1,2,1998-09-09,2,Pro_forma_Invoice2.pdf
38586,2019,CITADEL,103746,38586,KANAM,EDWINE,OKOTH,"+254 719-382-306",edwineskanam@gmail.com,27763134,4807,30100,5,113,4807,30100,5,113,2,1,21,2,1998-09-09,2,Pro_forma_Invoice2.pdf
38587,2019,CITADEL,103747,38587,LIMO,ELVIS,KIPYEGO,"+254 700-234-008",limoelvis32@gmail.com,29115379,300,30300,5,113,300,30300,5,113,2,1,21,2,1998-09-09,2,Pro_forma_Invoice2.pdf
38588,2019,CITADEL,103748,38588,MWITI,EMILY,NKIROTE,"+254 711-347-103",emilynkirote15@gmail.com,27080129,1379,60200,67,113,1379,60200,67,113,1,4,1,2,1998-09-09,2,Pro_forma_Invoice2.pdf
38589,2019,CITADEL,103749,38589,KIARIE,EUNICE,WANJIRU,"+254 718-263-817",eshirokiarie@gmail.com,26368214,1127,241,64,113,1127,241,64,113,1,4,1,2,1998-09-09,2,Pro_forma_Invoice2.pdf
38590,2019,CITADEL,103750,38590,NTHULI,FAITH,MUKULU,"+254 725-168-500",faith.makulu@life.icealion.com,14715088,54146,200,1,113,54146,200,1,113,1,4,1,2,1998-09-09,2,Pro_forma_Invoice2.pdf
38592,2019,CITADEL,103751,38592,ALUOCH,GRACE,CELINE,"+254 722-137-685",ochiengceline@gmail.com,23039565,46143,100,1,113,46143,100,1,113,1,4,1,2,1998-09-09,2,Pro_forma_Invoice2.pdf
38596,2019,CITADEL,103752,38596,MENZA,JOSEPH,BUNGE,"+254 726-068-573",bungejoseph@gmail.com,25338660,90101,200,2,113,90101,200,2,113,2,1,7,2,1998-09-09,2,Pro_forma_Invoice2.pdf
38597,2019,CITADEL,103753,38597,MURIITHI,JOSEPHINE,NJOKI,"+254 724-112-733","josekihu,ba73@gmail.com",13321003,130,520,1,113,130,520,1,113,1,4,1,2,1998-09-09,2,Pro_forma_Invoice2.pdf
38598,2019,CITADEL,103754,38598,MWASI,JOSHUA,MJOMBA,"+254 716-312-961",joshwalez@gmail.com,33991981,455,211,1,113,455,211,1,113,2,1,1,2,1998-09-09,2,Pro_forma_Invoice2.pdf
38599,2019,CITADEL,103755,38599,JUWERIYA,NAJIM,NONE,"+254 741-151-446",juweryanajim25@gmail.com,34687363,90101,80100,2,113,90101,80100,2,113,1,4,7,2,1998-09-09,2,Pro_forma_Invoice2.pdf
38600,2019,CITADEL,103756,38600,OPIYO,KAREN,NABWIRE,"+254 705-432-145",kakibisu79@gmail.com,22092999,846,100,1,113,846,100,1,113,1,4,1,2,1998-09-09,2,Pro_forma_Invoice2.pdf
38601,2019,CITADEL,103757,38601,KEN,MUTETHIA,NONE,"+254 719-213-306",ken.mutethia@yahoo.com,28201414,1386,60200,67,113,1386,60200,67,113,2,1,1,2,1998-09-09,2,Pro_forma_Invoice2.pdf
38602,2019,CITADEL,103758,38602,MWANGI,LOISE,MUTHONI,"+254 727-538-073",loise.mwangi@life.icealion.com,1074532,6333,200,1,113,6333,200,1,113,1,4,1,2,1998-09-09,2,Pro_forma_Invoice2.pdf
38604,2019,CITADEL,103759,38604,CHEROGONY,MARY,NONE,"+254 722-882-543",mcherogony@yahoo.com,13067661,14124,100,1,113,14124,100,1,113,1,4,1,2,1998-09-09,2,Pro_forma_Invoice2.pdf
38606,2019,CITADEL,103760,38606,NJOGU,NAOMI,WANJIKU,"+254 729-711-056",niwanjiku86@yahoo.com,26341961,56928,200,5,113,56928,200,5,113,1,4,21,2,1998-09-09,2,Pro_forma_Invoice2.pdf
38608,2019,CITADEL,103761,38608,NANGABO,NICHOLAS,AMBEMBE,"+254 714-230-690",nambembe6@gmail.com,28497877,46143,100,1,113,46143,100,1,113,2,1,1,2,1998-09-09,2,Pro_forma_Invoice2.pdf
38611,2019,CITADEL,103762,38611,MACHARIA,RISPER,WANJIRU,"+254 724-214-043",rispermacharia45@gmail.com,34206014,341,1000,14,113,341,1000,14,113,1,4,72,2,1998-09-09,2,Pro_forma_Invoice2.pdf
38613,2019,CITADEL,103763,38613,ONYANGO,ROSMEL,ATIENO,"+254 724-497-242",rosmel.atieno@gmail.com,24044755,3728,40100,3,113,3728,40100,3,113,1,4,11,2,1998-09-09,2,Pro_forma_Invoice2.pdf
38614,2019,CITADEL,103764,38614,NAMONYO,SAMUEL,SIMIYU,"+254 722-950-178",namonho@gmail.com,23970202,4008,30200,25,113,4008,30200,25,113,2,1,163,2,1998-09-09,2,Pro_forma_Invoice2.pdf
38617,2019,CITADEL,103765,38617,METIOKIO,WILFRED,MOKWANYI,"+254 713-576-568",metiokiowilfred4@gmail.com,26951797,1445,200,38,113,1445,200,38,113,2,1,245,2,1998-09-09,2,Pro_forma_Invoice2.pdf
38618,2019,CITADEL,103766,38618,WANDERA,WILKISTER,MAGERO,"+254 703-840-582",wilkisterw@gmail.com,13670229,63085,200,1,113,63085,200,1,113,1,4,1,2,1998-09-09,2,Pro_forma_Invoice2.pdf
38620,2019,CITADEL,103767,38620,WANJIKU,WYCLIFFE,GATURUKU,"+254 704-956-122",wycliffewainaina@gmail.com,31366310,1256,502,1,113,1256,502,1,113,2,1,1,2,1998-09-09,2,Pro_forma_Invoice2.pdf
38621,2019,CITADEL,103768,38621,KIMAMA,ALEXANDER,MWANGI,"+254 722-701-333",alex@jahazi.insurance,9137955,38522,623,1,113,38522,623,1,113,2,1,1,2,1998-09-09,2,Pro_forma_Invoice2.pdf
38622,2019,DIRECTLINE,103769,38622,MUTHEE,ALICE,WANJIRU,"+254 799-274-019",ceciliamuthee264@gmail.com,36938774,23615,625,1,113,23615,625,1,113,1,4,1,2,1998-09-09,2,Pro_forma_Invoice2.pdf
38623,2019,CITADEL,103770,38623,KIOKO,ANNASTACIA,WAVINYA,"+254 724-224-035",dummy22@gmail.com,28456546,100562,101,1,113,100562,101,1,113,1,4,1,2,1998-09-09,2,Pro_forma_Invoice2.pdf
38624,2019,CITADEL,103771,38624,MUTIIRIA,ASA,GITONGA,"+254 729-740-672",dummy23@gmail.com,,461430,100,1,113,461430,100,1,113,2,1,1,2,1998-09-09,2,Pro_forma_Invoice2.pdf
38625,2019,CITADEL,103772,38625,OTIENO,CALVINCE,OMOLLO,"+254 725-634-761",otienocalvince2014@gmail.com,32133339,45,40100,3,113,45,40100,3,113,2,1,11,2,1998-09-09,2,Pro_forma_Invoice2.pdf
38626,2019,CITADEL,103773,38626,KIPROP,KIPRUTO,CASTRO,"+254 729-504-905",castrolkipruto@gmail.com,32270219,3874,30100,5,113,3874,30100,5,113,2,1,21,2,1998-09-09,2,Pro_forma_Invoice2.pdf
38627,2019,CITADEL,103774,38627,KIMANI,EDITH,WAITHERA,"+254 790-340-975",edithkimani02@gmail.com.,35234404,8,223,1,113,8,223,1,113,1,4,1,2,1998-09-09,2,Pro_forma_Invoice2.pdf
38628,2019,CITADEL,103775,38628,NGATIA,EPHRAIM,MURIMI,"+254 716-604-600",ephraimmurimi@yahoo.com,22845075,1032,10300,1,113,1032,10300,1,113,2,1,1,2,1998-09-09,2,Pro_forma_Invoice2.pdf
38629,2019,CITADEL,103776,38629,THUO,ERIC,KAMAU,"+254 765-427-753",erick.thuo@gmail.com,22706039,584,1030,1,113,584,1030,1,113,2,1,1,2,1998-09-09,2,Pro_forma_Invoice2.pdf
38631,2019,CITADEL,103777,38631,MUTUKU,FELIX,MULWA,"+254 715-346-722",femulwa@gmail.com,29290765,42833,100,1,113,42833,100,1,113,2,1,1,2,1998-09-09,2,Pro_forma_Invoice2.pdf
38632,2019,CITADEL,103778,38632,ONYANGO,FRANCIS,OTIENO,"+254 719-111-054",francisonyango462@gmail.com,24545913,2144,40100,3,113,2144,40100,3,113,2,1,11,2,1998-09-09,2,Pro_forma_Invoice2.pdf
38633,2019,CITADEL,103779,38633,OLACK,AKINYI,GRACE,"+254 724-758-760",graceolack@gmail.com,14669019,3794,40100,3,113,3794,40100,3,113,1,4,11,2,1998-09-09,2,Pro_forma_Invoice2.pdf
38635,2019,CITADEL,103780,38635,MWANGI,JOHN,KARIUKI,"+254 721-255-927",john.kariuki@amicacs.co.ke,11273991,816,10200,1,113,816,10200,1,113,2,1,1,2,1998-09-09,2,Pro_forma_Invoice2.pdf
38636,2019,CITADEL,103781,38636,MWANGI,JHN,NDICHU,"+254 720-692-861",jndichu@intraafrica.co.ke,11189385,43241,100,1,113,43241,100,1,113,2,1,1,2,1998-09-09,2,Pro_forma_Invoice2.pdf
38637,2019,CITADEL,103782,38637,MBEKENYA,JOSEPH,MAINA,"+254 720-711-020",royalbusinessexperts@gmail.com,23530847,872,605,1,113,872,605,1,113,2,1,1,2,1998-09-09,2,Pro_forma_Invoice2.pdf
38638,2019,CITADEL,103783,38638,MWAURA,JOYCELINE,WAMBUI,"+254 719-370-032",lynwamboi18@gmail.com,35691547,62157,200,1,113,62157,200,1,113,2,1,1,2,1998-09-09,2,Pro_forma_Invoice2.pdf
38639,2019,CITADEL,103784,38639,NYAGA,JUSTIN,GITONGA,"+254 720-258-426",jrichnyagah@gmail.com,22808837,37361,100,1,113,37361,100,1,113,2,1,1,2,1998-09-09,2,Pro_forma_Invoice2.pdf
38640,2019,CITADEL,103785,38640,NJAY,MOSES,MWANGI,"+254 728-055-324",moskium32@yahoo.com,25849411,56928,200,1,113,56928,200,1,113,2,1,1,2,1998-09-09,2,Pro_forma_Invoice2.pdf
38641,2019,CITADEL,103786,38641,KINUTHIA,NANCY,WAIRIMU,"+254 722-614-503",wairikin@yahoo.com,3679252,2458,100,1,113,2458,100,1,113,1,4,1,2,1998-09-09,2,Pro_forma_Invoice2.pdf
38642,2019,CITADEL,103787,38642,MARACHA,PETER,THUKU,"+254 726-762-714",peterthuku0@gmail.com,28644603,1192,900,34,113,1192,900,34,113,2,1,215,2,1998-09-09,2,Pro_forma_Invoice2.pdf
38644,2019,CITADEL,103788,38644,MACHOKA,MOIGE,SHARLYN,"+254 729-729-713",shamachoka@gmail.com,32241570,1609,30200,25,113,1609,30200,25,113,1,4,163,2,1998-09-09,2,Pro_forma_Invoice2.pdf
38645,2019,CITADEL,103789,38645,AKWIRI,SHARON,ACHIENG,"+254 726-326-705",achiengsharon27@gmail.com,30087916,6320,40100,3,113,6320,40100,3,113,1,4,11,2,1998-09-09,2,Pro_forma_Invoice2.pdf
38646,2019,CITADEL,103790,38646,OBONYO,SHARON,ATIENO,"+254 700-434-611",satienoobonyo@yahoo.com,26215348,1561,40100,3,113,1561,40100,3,113,1,4,11,2,1998-09-09,2,Pro_forma_Invoice2.pdf
38648,2019,CITADEL,103791,38648,AUGO,STELLA,ATIENO,"+254 725-570-395",stellahaugo7@gmail.com,24244055,29,40308,1,113,29,40308,1,113,1,4,1,2,1998-09-09,2,Pro_forma_Invoice2.pdf
38649,2019,CITADEL,103792,38649,ARAMI,TORIS,LAURA,"+254 713-788-114",lauraarami@gmail.com,25003659,100772,100,1,113,100772,100,1,113,1,4,1,2,1998-09-09,2,Pro_forma_Invoice2.pdf
38650,2019,CITADEL,103793,38650,ODIPO,WENDY,RHODA,"+254 703-838-952",rhodawendy8@gmail.com,29353921,401,40300,1,113,401,40300,1,113,1,4,1,2,1998-09-09,2,Pro_forma_Invoice2.pdf
38651,2019,CITADEL,103794,38651,MWANGI,SAMUEL,IRUNGU,"+254 724-975-175",sirmiesam2@gmail.com,25816095,34530,100,1,113,34530,100,1,113,2,1,1,2,1998-09-09,2,Pro_forma_Invoice2.pdf
38655,2019,ODEL,103795,38655,MUCHIRI,PAULINE,WANJIKU,"+254 708-336-879",muchiripauline7@gmail.com,33687771,4852400100,100,1,113,4852400100,100,1,113,1,4,1,2,1998-09-09,2,Pro_forma_Invoice2.pdf
38659,2019,CBA,103796,38659,MUCHUNKU,MICHELLE,GAKENGI,"+254 714-327-683",michelle.muchnku@gmail.com,27750451,21324,100,1,113,21324,100,1,113,1,4,1,2,1998-09-09,2,Pro_forma_Invoice2.pdf
38660,2019,CBA,103797,38660,NDETI,GEORGE,MINYITHYA,"+254 720-949-347",geechilx@gmail.com,25081745,15248,400,1,113,15248,400,1,113,2,1,1,2,1998-09-09,2,Pro_forma_Invoice2.pdf
38661,2019,CBA,103798,38661,MEME,DOREEN,KARIMI,"+254 706-221-782",doreenkmeme@gmail.com,23220009,30437,100,1,113,30437,100,1,113,1,4,1,2,1998-09-09,2,Pro_forma_Invoice2.pdf
38662,2019,CBA,103799,38662,SEREM,BETSY,JEPCHUMBA,"+254 722-700-730",betsyserem@rocketmail,24364375,30437,100,1,113,30437,100,1,113,1,4,1,2,1998-09-09,2,Pro_forma_Invoice2.pdf
38663,2019,"UAP OLDMUTUAL",103800,38663,KIMUGE,STEPHEN,SADALA,"+254 723-957-612",stephenkimuge30@gmail.com,29573782,31,30403,1,113,31,30403,1,113,1,4,1,2,1998-09-09,2,Pro_forma_Invoice2.pdf
38664,2019,SELF,103801,38664,SAGOO,JASRAJ,NONE,"+254 787-100-020",jasrajsagoo.js@gmail.com,29916444,45291,100,1,113,45291,100,1,113,2,1,1,2,1998-09-09,2,Pro_forma_Invoice2.pdf
38665,2019,ODEL,103802,38665,KAMAU,JANE,NJOKI,"+254 720-845-043",jane.k.isaac@gmail.com,22538008,1357,20117,11,113,1357,20117,11,113,1,4,55,2,1998-09-09,2,Pro_forma_Invoice2.pdf
38670,2019,SELF,103803,38670,BARMAO,VICTOR,KIPROTICH,"+254 727-568-500",vibarmao@gmail.com,26188597,9362,30100,5,113,9362,30100,5,113,2,1,21,2,1998-09-09,2,Pro_forma_Invoice2.pdf
38671,2019,SELF,103804,38671,WAINAINA,ANN,WANJIKU,"+254 706-334-606",annwainaina22@gmail.com,32715835,334,216,34,113,334,216,34,113,1,4,215,2,1998-09-09,2,Pro_forma_Invoice2.pdf
38672,2019,SELF,103805,38672,MAGONDA,"ROY   ISACK",WANDERA,"+254 708-867-057",royemilio367@gmail.com,30112724,126,50406,1,113,126,50406,1,113,2,1,1,2,1998-09-09,2,Pro_forma_Invoice2.pdf
38675,2019,SELF,103806,38675,MUROKI,NAFTALY,MWENDIA,"+254 711-110-421",naftaly1994@gmail.com,32446886,56928,200,1,113,56928,200,1,113,2,1,1,2,1998-09-09,2,Pro_forma_Invoice2.pdf
38677,2019,SELF,103807,38677,OWITI,JAMES,GUYA,"+254 728-591-882",jacksonjimmy423@gmail.com,33178121,1322,10300,1,113,1322,10300,1,113,2,1,1,2,1998-09-09,2,Pro_forma_Invoice2.pdf
38678,2019,SELF,103808,38678,WAIGI,MARY,WAMBUI,"+254 706-573-969",marywaigi14@gmail.com,29689424,548,200,27,113,548,200,27,113,1,4,171,2,1998-09-09,2,Pro_forma_Invoice2.pdf
38679,2019,SELF,103809,38679,SAMUEL,NJOROGE,NUTHU,"+254 722-224-291",samnuthu@gmail.com,12759026,21651,100,1,113,21651,100,1,113,2,1,1,2,1998-09-09,2,Pro_forma_Invoice2.pdf
38680,2019,BRITAM,103810,38680,MAUTI,CHARLES,OTONDI,"+254 710-232-016",otondimauti@gmail.com,27941529,252,40200,38,113,252,40200,38,113,2,1,245,2,1998-09-09,2,Pro_forma_Invoice2.pdf
38681,2019,SELF,103811,38681,NJENGA,IMMACULATE,WANGARI,"+254 712-299-105",imakx@yahoo.com,23720775,15535,503,1,113,15535,503,1,113,1,4,1,2,1998-09-09,2,Pro_forma_Invoice2.pdf
38682,2019,SELF,103812,38682,NJUGUNA,ANASTACIA,RUGURU,"+254 731-493-651",ruguruanastacia@gmail.com,23543291,59645,200,1,113,59645,200,1,113,1,4,1,2,1998-09-09,2,Pro_forma_Invoice2.pdf
38688,2019,MSA-C,103813,38688,OBUNA,ELLY,MUKHWANA,"+254 722-457-947",limukhwana@gmail.com,25450107,16018,610,1,113,16018,610,1,113,2,1,1,2,1998-09-09,2,Pro_forma_Invoice2.pdf
38697,2019,ODEL,103814,38697,KINUTHIA,JAMES,MWANGI,"+254 714-043-044",jameskinuthia11@gmail.com,27268017,56928,200,1,113,56928,200,1,113,2,1,1,2,1998-09-09,2,Pro_forma_Invoice2.pdf
38698,2019,SELF,103815,38698,HAJI,ABDILLATIF,ABDISALAN,"+254 714-864-178",abdikidman707@gmail.com,33357055,56928,200,1,113,56928,200,1,113,2,1,1,2,1998-09-09,2,Pro_forma_Invoice2.pdf
38699,2019,ODEL,103816,38699,MURAGURI,FAITH,MUTHONI,"+254 722-614-467",faithmuraguri93@gmail.com,30239519,4047,20100,4,113,4047,20100,4,113,1,4,18,2,1998-09-09,2,Pro_forma_Invoice2.pdf
38700,2019,ODEL,103817,38700,MAINA,"JANE TERESA",WANJIRU,"+254 728-078-987",mainajtw@gmail.com,20718545,12169,400,1,113,12169,400,1,113,1,4,1,2,1998-09-09,2,Pro_forma_Invoice2.pdf
38702,2019,ODEL,103818,38702,OUMA,DOROTHY,ANYANGO,"+254 702-783-747",lynnettedorothy23@yahoo.com,33285155,56928,200,1,113,56928,200,1,113,1,4,1,2,1998-09-09,2,Pro_forma_Invoice2.pdf
38703,2019,CITADEL,103819,38703,KEBASO,ANNE,MORAA,"+254 720-824-504",anniekebb2@gmail.com,24181296,12298,100,1,113,12298,100,1,113,1,4,1,2,1998-09-09,2,Pro_forma_Invoice2.pdf
38704,2019,CITADEL,103820,38704,NJOKI,BETTY,FAVOUR,"+254 746-020-609",bettyfavour@gmail.com,30135085,46336,625,1,113,46336,625,1,113,1,4,1,2,1998-09-09,2,Pro_forma_Invoice2.pdf
38705,2019,CITADEL,103821,38705,KAMAU,CLEMENT,WAINAINA,"+254 722-233-063",clementkamau14@gmail.com,11591662,951,1000,14,113,951,1000,14,113,2,1,72,2,1998-09-09,2,Pro_forma_Invoice2.pdf
38706,2019,CITADEL,103822,38706,CHEPKOECH,EDNAH,NONE,"+254 797-331-800",chepkoechedna5@gmail.com,32244510,541,20200,28,113,541,20200,28,113,1,4,177,2,1998-09-09,2,Pro_forma_Invoice2.pdf
38707,2019,CITADEL,103823,38707,ONDARA,JEMIMA,KEMUNTO,"+254 721-925-944",jemimaondara@yahoo.com,23551642,56928,200,2,113,56928,200,2,113,1,4,7,2,1998-09-09,2,Pro_forma_Invoice2.pdf
38708,2019,CITADEL,103824,38708,OYUGAH,LEVINA,AKINYI,"+254 711-499-372",loyugah58@gmail.com,30984265,189,50406,1,113,189,50406,1,113,1,4,1,2,1998-09-09,2,Pro_forma_Invoice2.pdf
38709,2019,CITADEL,103825,38709,OKWARA,NEKESA,LILIAN,"+254 718-075-884",nekesa734@gmail.com,30873657,46143,100,1,113,46143,100,1,113,1,4,1,2,1998-09-09,2,Pro_forma_Invoice2.pdf
38710,2019,CITADEL,103826,38710,MWANGI,LOISE,WANJIRU,"+254 726-278-917",mwangiloise1@gmail.com,25138164,944,10200,1,113,944,10200,1,113,1,4,1,2,1998-09-09,2,Pro_forma_Invoice2.pdf
38711,2019,CITADEL,103827,38711,RUMUNYU,MARGARET,NJERI,"+254 719-379-878",maggie.rumunyu@gmail.com,29391403,284,511,1,113,284,511,1,113,1,4,1,2,1998-09-09,2,Pro_forma_Invoice2.pdf
38712,2019,CITADEL,103828,38712,MWANGI,MARY,GATHONI,"+254 726-968-826",mwangimarya215@gmail.com,28982574,123,10101,1,113,123,10101,1,113,1,4,1,2,1998-09-09,2,Pro_forma_Invoice2.pdf
38713,2019,CITADEL,103829,38713,CHEPKURUI,MERCY,NONE,"+254 714-819-721",mercychepkurui1@gmail.com,27158940,4,20200,28,113,4,20200,28,113,1,4,177,2,1998-09-09,2,Pro_forma_Invoice2.pdf
38714,2019,CITADEL,103830,38714,GACHIE,RUFUS,KARANJA,"+254 711-327-020",zedkaranja@gmail.com,33249888,63454,619,1,113,63454,619,1,113,2,1,1,2,1998-09-09,2,Pro_forma_Invoice2.pdf
38716,2019,CITADEL,103831,38716,KARANI,WILLIAM,MUTETHIA,"+254 724-217-864",dummy24@gmail.com,25948202,43241,100,1,113,43241,100,1,113,2,1,1,2,1998-09-09,2,Pro_forma_Invoice2.pdf
38717,2019,SELF,103832,38717,SANG'ALO,MAURINE,MWIMA,"+254 792-282-778",mourinemwima@gmail.com,23632262,142,50106,1,113,142,50106,1,113,1,4,1,2,1998-09-09,2,Pro_forma_Invoice2.pdf
38720,2019,SELF,103833,38720,WATAKI,PAUL,NONE,"+254 705-807-607",watakipaul@yahoo.com,24549501,14446,800,1,113,14446,800,1,113,2,1,1,2,1998-09-09,2,Pro_forma_Invoice2.pdf
