﻿RegNo,ExYr,XrNo,certserial,RegNo,LName,FName,MName,Cellphone,MEmail,IDNO,PPOBox,PCode,PTown,PCountry,CPOBox,CCode,CTown,CCountry,MGender
3057,2019,SELF,103378,3057,WANAMI,LILIAN,MULONGO,701866886,iwanami@fidelityshield.com,28733149,2243,40100,KISUMU,KENYA,2243,40100,KISUMU,KENYA,F
5740,2019,SELF,103379,5740,CHIRCHIR,SAMMY,NONE,714803330,sammychirchir15@gmail.com,11826515,184,20108,NAKURU,KENYA,184,20108,NAKURU,KENYA,M
11421,2019,MSA-C,103380,11421,MWAKIO,DURRANT,KILELU,710959559,dkmwakio@yahoo.co.uk,8389618,41804,80100,MOMBASA,KENYA,41804,80100,MOMBASA,KENYA,M
19882,2019,ODEL,103381,19882,KABURI,PAUL,MBATIA,724496782,kpaulmbatia@yahoo.com,26148310,634,10200,NAIROBI,KENYA,634,10200,NAIROBI,KENYA,M
20515,2019,DIRECTLINE,103382,20515,MWANGI,TABBY,NYAMBURA,721893650,tnyambura2001@yahoo.com,22657845,463,90100,MACHAKOS,KENYA,463,90100,MACHAKOS,KENYA,F
20701,2019,CITADEL,103383,20701,NDAMBUKI,GLADYS,NDUNGWA,720330696,gladysshly@yahoo.com,24585766,68871,610,NAIROBI,KENYA,68871,610,NAIROBI,KENYA,F
21827,2019,71035,103384,21827,KABUE,MARYANNE,WAMBUI,722587093,mawambui@yahoo.com,20921831,24809,502,NAIROBI,KENYA,24809,502,NAIROBI,KENYA,F
21866,2019,ODEL,103385,21866,NYABERA,NYAMORAMBO,JAMES,711536569,dummy1@gmail.com,26645422,213,200,NYAMIRA,KENYA,213,,NYAMIRA,KENYA,M
23251,2019,CITADEL,103386,23251,NGOYA,LABAN,MUYALA,721654751,muyala@hotmail.co.uk,24578190,21672,505,NAIROBI,KENYA,21672,505,NAIROBI,KENYA,M
23946,2019,72167,103387,23946,GAITHO,JAMES,WAWERU,721856128,wawerujimmy@gmail.com,27908210,2391,202,NAIROBI,KENYA,2391,202,NAIROBI,KENYA,M
24034,2019,ODEL,103388,24034,KIMONDO,ELIZABETH,WANJIKU,722113643,wanjikukimondo2009@gmail.com,22205476,30170,100,NAIROBI,KENYA,30170,100,NAIROBI,KENYA,F
25788,2019,CITADEL,103389,25788,WAMBUI,VIRGINIA,WANJIKU,726081122,virgy2my@yahoo.com,25164737,48418,100,NAIROBI,KENYA,48418,100,NAIROBI,KENYA,F
26696,2019,MSA-C,103390,26696,MWAI,MAUREEN,ATIENO,726211871,atismwai@gmail.com,25315348,97514,80100,MOMBASA,KENYA,97514,80100,MOMBASA,KENYA,F
26988,2019,ODEL,103391,26988,KILIMO,CELESTINE,JEMENJO,718459994,celestine.kilimo@cic.co.ke,24785065,59485,200,NAIROBI,KENYA,59485,200,NAIROBI,KENYA,F
28309,2019,CITADEL,103392,28309,KANGETHE,SAMUEL,MAGANA,723768873,maganasamuel@gmail.com,26511416,30,1000,THIKA,KENYA,30,1000,THIKA,KENYA,M
28628,2019,SELF,103393,28628,NJENGA,ONESMAS,MBUGUA,728507951,onessy2003@yahoo.com,22261103,20446,300381,NAIROBI,KENYA,20446,300381,NAIROBI,KENYA,M
28943,2019,CITADEL,103394,28943,MATHEKA,AARON,MUTHIANI,725945090,collinsmatheka@gmail.com,23431824,1228,606,NAIROBI,KENYA,1228,606,NAIROBI,KENYA,M
29045,2019,SELF,103395,29045,AMUIRI,MISHECK,KARITHI,721404731,kariithi@gmail.com,22616552,14527,100,NAIROBI,KENYA,14527,100,NAIROBI,KENYA,M
30982,2019,IND,103396,30982,WANGUI,SAMSON,MWITURIA,723103112,sammwituria@gmail.com,26754184,433,1000,THIKA,KENYA,433,1000,THIKA,KENYA,M
35409,2019,CITADEL,103397,35409,ONGERE,JOHN,OTIENO,708302780,johnngere@2017.com,11229508,240,200,KISII,KENYA,240,,KISII,KENYA,M
35764,2019,MSA-C,103398,35764,MUTISYA,REDEMPTA,SYOKAU,721541271,redemptasyokau@gmail.com,28713803,,200,MOMBASA,KENYA,,,MOMBASA,KENYA,F
36090,2019,ODEL,103399,36090,KIOKO,ERICSON,MUTHAMA,713783872,dummy2@gmail.com,22238810,1141,60100,EMBU,KENYA,1141,60100,EMBU,KENYA,M
36609,2019,CITADEL,103400,36609,SHONGOI,NOREEN,CHEBET,748172678,chebetnoreen920@gmail.com,27408122,90101,80100,MOMBASA,KENYA,90101,80100,MOMBASA,KENYA,F
36739,2019,CITADEL,103401,36739,KARANJA,ELIZABETH,SYOMBUA,704173454,lizgkaranja@gmail.com,27669519,,,,,,,,,F
36772,2019,CITADEL,103402,36772,HAJIGA,JULIE,BLESSINGS,729206774,gwethjulie@gmail.com,29345680,7016,40100,KISUMU,KENYA,7016,40100,KISUMU,KENYA,F
36796,2019,CITADEL,103403,36796,MWANGI,BEATRICE,MUTHONI,718659809,beatymwangi20@gmail.com,31498773,1061,1000,THIKA,KENYA,1061,1000,THIKA,KENYA,F
36852,2019,DIRECTLINE,103404,36852,KARIUKI,MARY,MUTHONI,723612484,dummy3@gmail.com,26759200,18187,5000,NAIROBI,KENYA,18187,5000,NAKIROBI,KENYA,F
36917,2019,CITADEL,103405,36917,ANYINGAH,ELIZABETH,MUGADU,799981835,lizanyinga@gmail.com,25077111,9002,15707,KIKUYU,KENYA,9002,15707,KIKUYU,KENYA,F
37008,2019,SELF,103406,37008,GICHUHI,JULIA,WAITHERA,728114123,dummy4@gmail.com,29130295,30059,100,NAIROBI,KENYA,30059,100,NAIROBI,KENYA,F
37016,2019,OLD MUTUAL UAP,103407,37016,MUTHENGI,THEOPHILUS,MUSYIMI,727730220,muthengitheophilus@gmail.com,30501550,30059,100,MACHAKOS,KENYA,30059,100,MACHAKOS,KENYA,M
37225,2019,ODEL,103408,37225,KASUVU,JOHN,MUTHENYA,723629478,kasavuj@gmail.com,22885427,21358,100,NAIROBI,KENYA,21358,100,NAIROBI,KENYA,M
37226,2019,ODEL,103409,37226,MAKAU,JOHN,NZOVI,715502225,dummy5@gmail.com,30346763,,,NAIROBI,KENYA,,,NAIROBI,KENYA,M
37327,2019,SELF,103410,37327,KARIUKI,ANN,WANJIKU,797747819,annkarisi700@gmail.com,36854667,11,30503,LOKICHOGIO,KENYA,11,30503,LOKICHOGIO,KENYA,F
37361,2019,SELF,103411,37361,MIDECHA,SAFIA,SAU,717543654,smidecha@hotmail.com,21838484,2054,621,NAIROBI,KENYA,2054,621,NAIROBI,KENYA,F
37386,2019,SELF,103412,37386,KOIGI,TITUS,KIGO,722333044,kigoti@yahoo.com,10333261,6124,200,NAIROBI,KENYA,6124,200,NAIROBI,KENYA,M
37400,2019,SELF,103413,37400,MEHTA,DHARMESH,GUNWANT,723871082,dharmeshmehta6@gmail.com,34585089,38227,623,NAIROBI,KENYA,38227,623,NAIROBI,KENYA,M
37473,2019,OLDMUTUAL,103414,37473,OJWANG,ANJELINE,AKOTH,721225706,akothangeline13@yahoo.com,25562624,4097,40103,KISUMU,KENYA,4097,40103,KISUMU,KENYA,F
37512,2019,SELF,103415,37512,KAMAU,JAMES,NONE,706476816,jameskamau9700@gmail.com,33356125,675,10100,NYERI,KENYA,675,10100,NYERI,KENYA,M
37526,2019,SELF,103416,37526,NJOROGE,MATHEW,WAIRIMA,727007864,babatonnie@gmail.com,21443165,3754,30200,KITALE,KENYA,3754,30200,KITALE,KENYA,M
37547,2019,SELF,103417,37547,MALUNI,ELIZABETH,NTHENYA,720345064,elizabethnthenya56@gmail.com,28131720,4420,506,NAIROBI,KENYA,4420,506,NAIROBI,KENYA,F
37557,2019,SELF,103418,37557,MOSE,MERCYLINE,NYANDUKO,712257817,mercylinenyanduko@gmail.com,32569500,499,,NAKURU,KENYA,499,,NAKURU,KENYA,F
37586,2019,MSA-C,103419,37586,ODUOR,CHRISPINE,OTIENO,725569268,chrisotieno25@yahoo.com,25160305,96024,80100,MOMBASA,KENYA,96024,80100,MOMBASA,KENYA,M
37593,2019,SELF,103420,37593,EVANS,AENGWO,CLEMENT,722976090,eaengwo@gmail.com,27730486,58236,200,NAIROBI,KENYA,58236,200,NAIROBI,KENYA,M
37596,2019,SELF,103421,37596,KAGO,DANIEL,GACHANJA,721980056,daniel.gachanja@directline.co.ke,1076951,68,10102,NYERI,KENYA,68,10102,NYERI,KENYA,M
37600,2019,DIRECTLINE,103422,37600,MURITHI,SALOME,NJERI,7108557794,sallydavie1@gmail.com,26096157,14,80108,KILIFI,KENYA,14,80108,KILIFI,KENYA,F
37642,2019,BRITAM,103423,37642,OLUOCH,WILLIAM,OTIENO,702286410,elietdesmondi6@gmail.com,29277479,37,40600,SIAYA,KENYA,37,40600,SIAYA,KENYA,M
37661,2019,BRITAM,103424,37661,ODERA,MOLLY,ACHIENG,727920177,mollykenya14@gmail.com,23174759,20664,200,NAIROBI,KENYA,20664,200,NAIROBI,KENYA,F
37674,2019,BRITAM,103425,37674,SHIRIM,EVERLYNE,SOTIAN,700577379,everlynesotian@gmail.com,28334880,177,,KITENGELA,KENYA,177,,KITENGELA,KENYA,F
37682,2019,BRITAM,103426,37682,KINGORI,PAULINE,SIAN,722805499,sianpk02@gmail.com,8060688,23043,100,NAIROBI,KENYA,23043,100,NAIROBI,KENYA,F
37714,2019,CITADEL,103427,37714,CHUMA,LUCY,CHEPKURUI,717606527,lucychepkurui@yahoo.com,25872570,4,30200,KITALE,KENYA,4,30200,KITALE,KENYA,F
37732,2019,CITADEL,103428,37732,MUGO,ELIZABETH,NJERI,727109716,liztrenk@gmail.com,21662692,2099,200,NAIROBI,KENYA,2099,200,NAIROBI,KENYA,F
37850,2019,SELF,103429,37850,CHEBOIYWO,STEPHEN,NONE,715630516,kibejapheth200@gmail.com,23823435,50,30400,KARBARNET,KENYA,50,30400,KARBARNET,KENYA,M
37892,2019,CBA,103430,37892,KARIGU,PATRICK MWANGI,HIUHU,714947133,pkarigu.pk@gmail.com,23695827,633,618,NAIROBI,KENYA,633,618,NAIROBI,KENYA,M
37931,2019,CITADEL,103431,37931,MUTURI,GRACE,MUNYUTHA,704109182,gracemmutri@gmail.com,31395362,96,10200,MURANG`A,KENYA,96,10200,MURANG`A,KENYA,F
37978,2019,SELF,103432,37978,NYARANGI,MAINYE,VIOLET,727768016,vionyarangi@gmail.com,29521363,47,207,KAJIADO,KENYA,47,207,KAJIADO,KENYA,F
38018,2019,SELF,103433,38018,KAMAU,ESTHER,MUTHONI,722774457,joskamau@student.usiu.ac.ke,362632,75812,200,NAIROBI,KENYA,75812,200,NAIROBI,KENYA,F
38031,2019,ODEL,103434,38031,NJUGUNA,IRENE,WAMBUI,720242850,wirene72@gmail.com,22974604,43013,100,NAIROBI,KENYA,43013,100,NAIROBI,KENYA,F
38038,2019,SELF,103435,38038,MATARA,HENRY,KIRIAMA,729655896,kiriamahenry@yahoo.com,27314139,46129,100,NAIROBI,KENYA,46129,100,NAIROBI,KENYA,M
38039,2019,ODEL,103436,38039,MUNYWOKI,AMBROSE,MUNYAO,711625277,ambrosem6@gmail.com,11602879,79066,400,NAIROBI,KENYA,79066,400,NAIROBI,KENYA,M
38043,2019,SELF,103437,38043,YAMSON,GLORIA,HENRIETTA,700077531,gloria.yamson@sc.com,61052590,30003,100,NAIROBI,KENYA,30003,100,NAIROBI,KENYA,F
38045,2019,SELF,103438,38045,ADEN,KANJI,NONE,712505968,dummy6@gmail.com,28746510,1142,502,NAIROBI,KENYA,1142,502,NAIROBI,KENYA,M
38046,2019,ODEL,103439,38046,KAHADI,NANCY,WANGUI,723943580,nancykahadi@gmail.com,24421634,1001,20106,MOLO,NAKURU,1001,20106,MOLO,NAKURU,F
38049,2019,SELF,103440,38049,OMWOYO,ONDIEKI,CLIFF,727938081,cliffmwoyo@gmail.com,24868352,,,NAIROBI,KENYA,,,NAIROBI,KENYA,F
38055,2019,ODEL,103441,38055,TULI,ALBERT,ORONDO,722288730,albert.tuli@yahoo.com,2742615,50482,200,NAIROBI,KENYA,50482,200,NAIROBI,KENYA,M
38080,2019,SELF,103442,38080,IQBAL,SABEEHA SHAHEED,MOHAMED,729275496,sabeehashaheed@gmail.com,36509691,257,60200,MERU,KENYA,257,60200,MERU,KENYA,F
38082,2019,SELF,103443,38082,NGABU,SARAH,NJERI,726467229,sarahngabu@gmail.com,35092337,24,10306,KAGIO,KIRINYAGA,24,10306,KAGIO,KIRINYAGA,F
38084,2019,SELF,103444,38084,OKOLA,WYCLIFFE,ODUOR,721613668,wickyokola@gmail.com,23575055,898,200,NAIROBI,KENYA,898,200,NAIROBI,KENYA,F
38088,2019,SELF,103445,38088,KAMAU,GEORGE,MBURU,700458110,georgemburucpa@gmail.com,29330317,82,,KIAMBU,KENYA,82,,KIAMBU,KENYA,M
38091,2019,SELF,103446,38091,OTIENO,WILLIAM,OSODO,700509022,williamosodo91@gmail.com,28300022,2403,100,NAIROBI,KENYA,2403,100,NAIROBI,KENYA,M
38093,2019,SELF,103447,38093,NDIRITU,MIRIAM,NGIMA,720935980,dummy7@gmail.com,9262668,,,NAIROBI,KENYA,,,NAIROBI,KENYA,F
38094,2019,SELF,103448,38094,OTIENO,IVAN,AWILI,712404210,awili00@live.com,27456600,15520,20100,NAIROBI,KENYA,15520,20100,NAIROBI,KENYA,M
38097,2019,SELF,103449,38097,MISIANI,EMMANUEL,NONE,793956569,misianiemmanuel@gmail.com,37401825,23378,200,NAIROBI,KENYA,23378,200,NAIROBI,KENYA,M
38098,2019,SELF,103450,38098,MWANIKI,WANGAI,NGUGI,727493224,wangaimwaniki@gmail.com,28969242,64943,620,NAIROBI,KENYA,64943,620,NAIROBI,KENYA,M
38099,2019,SELF,103451,38099,WAMBUGU,DOUGLAS,KANURI,717560489,dkwambugu@hotmail.com,26748211,62575,200,NAIROBI,KENYA,62575,200,NAIROBI,KENYA,M
38102,2019,SELF,103452,38102,GICHAMBA,ANTHONY,KAMAU,701001010,kamauanthony263@yahoo.com,31108853,11950,100,NAIROBI,KENYA,11950,100,NAIROBI,KENYA,M
38104,2019,SELF,103453,38104,NJUGUNA,ANNE,WANGARI,717470694,njugunaann10@gmail.com,27465763,,,THIKA,KENYA,,,THIKA,KENYA,F
38107,2019,SELF,103454,38107,GITHAIGA,MUKAMI,NONE,719231726,eva.mukami16@gmail.com,26509487,106390,101,NAIROBI,KENYA,106390,101,NAIROBI,KENYA,F
38108,2019,SELF,103455,38108,SURE,NAOMI,KERUBO,712637146,naomisure89@gmail.com,27985492,,,NAIROBI,KENYA,,,NAIROBI,KENYA,F
38110,2019,SELF,103456,38110,OGAYE,EUNICE,ADHIAMBO,725136240,euniceadhiambo009@yahoo.com,1246206,18803,100,NAIROBI,KENYA,18803,100,NAIROBI,KENYA,F
38117,2019,SELF,103457,38117,WAMBUA,CYNTHIA,MUENI,726832878,dcmueni85@gmail.com,29396469,46814,100,NAIROBI,KENYA,46814,100,NAIROBI,KENYA,F
38119,2019,SELF,103458,38119,OGENYA,TEDDY,OMONDI,720367828,togenya@mycredit.co.ke,25936036,347,521,NAIROBI,KENYA,347,521,NAIROBI,KENYA,M
38120,2019,SELF,103459,38120,WANGAI,DAVID,KARIUKI,724743431,dwangai@mycredit.co.ke,23683852,12265,20100,NAIROBI,KENYA,12265,20100,NAIROBI,KENYA,M
38121,2019,SELF,103460,38121,NJOROGE,WILLIAM,KARANJA,720071645,william.njoroge@ymail.com,27809404,141,20306,NYANDARUA,KENYA,141,20306,NYANDARUA,KENYA,M
38123,2019,SELF,103461,38123,NDEGWA,DAVID,MWANGI,722466354,dndegwa007@gmail.com,9074942,30216,100,NAIROBI,KENYA,30216,100,NAIROBI,KENYA,M
38129,2019,SELF,103462,38129,MUTUA,AGNES,MUKULU,728129829,dummy8@gmail.com,27641146,101915,101,NAIROBI,KENYA,101915,101,NAIROBI,KENYA,F
38135,2019,SELF,103463,38135,MWIRIGI,BRANDON,KARANI,721950977,pmwirigi@gmail.com,36897617,1019,618,NAIROBI,KENYA,1019,618,NAIROBI,KENYA,M
38136,2019,SELF,103464,38136,KABANYA,ESHTER,WANGUI,721272297,wanguikabanya@gmail.com,1240576,48771,100,NAIROBI,KENYA,48771,100,NAIROBI,KENYA,F
38137,2019,SELF,103465,38137,SHEILA,MERCY ATIENO,MALLOWAH,720096276,sheilamallowah@gmail.com,23078563,76718,620,NAIROBI,KENYA,76718,620,NAIROBI,KENYA,F
38138,2019,SELF,103466,38138,ROBERT,YVONNE,NONE,704909787,ndungeyvonne65@gmail.com,28885278,33,204,MACHAKOS,KENYA,33,204,MACHAKOS,KENYA,F
38144,2019,SELF,103467,38144,MURAGA,JOHN,MBAE,727559935,johnbae@yahoo.com,20746965,27573,506,NAIROBI,KENYA,27573,506,NAIROBI,KENYA,M
38149,2019,ODEL,103468,38149,CHERUIYOT,ANTHONY,KIBET,717607726,kibeta254@gmail.com,31796252,2500,100,ELDORET,KENYA,2500,100,ELDORET,KENYA,M
38151,2019,SELF,103469,38151,KIPRUTO,PAUL,KIPKOGEI,728501207,kiprutopaul91@gmail.com,28147927,351,20103,ELDA RAVINE,KENYA,351,20103,ELDA RAVINE,KENYA,M
38152,2019,SELF,103470,38152,KARIUKI,KENNEDY,MUHORO,728495939,kennykharis@gmail.com,28388844,219,10202,MURANGA,KENYA,219,10202,MURANGA,KENYA,M
38154,2019,SELF,103471,38154,WAWERU,JOEL,NONE,724837106,joekawera@gmail.com,33690869,2909,50100,KAKAMEGA,KENYA,2909,50100,KAKAMEGA,KENYA,M
38155,2019,SELF,103472,38155,WAWERU,DENIS,KIBUI,700080002,denniswaweru26@gmail.com,32342866,56573,200,NAIROBI,KENYA,56573,200,NAIROBI,KENYA,M
38157,2019,SELF,103473,38157,NJUGUNA,PETER,NDUNG`U,726784258,njugunapeter.pn85@gmail.com,24392562,12314,100,NAIROBI,KENYA,12314,100,NAIROBI,KENYA,M
38158,2019,SELF,103474,38158,NJOROGE,JEREMIAH,KURIA,722469932,jevanjconsvaluers@yahoo.com,20896095,1216,1000,THIKA,KENYA,1216,1000,THIKA,KENYA,M
38159,2019,SELF,103475,38159,GITERI,DANIEL,NDERITU,720471571,danielgiteri@yahoo.com,25064927,6957,1000,THIKA,KENYA,6957,1000,THIKA,KENYA,M
38161,2019,SELF,103476,38161,KAMAU,TABBY,WANGUI,791759837,dummy9@gmail.com,35230759,75812,200,NAIROBI,KENYA,75812,200,NAIROBI,KENYA,F
38163,2019,SELF,103477,38163,OTIENO,IRENE,ACHIENG,716001463,irenestellah@gmail.com,28888423,826,40100,KISUMU,KENYA,826,40100,KISUMU,KENYA,F
38170,2019,SELF,103478,38170,MUNENE,GACORERIA,MURIITHI,725631800,munene.muriithi@yahoo.com,22808508,,,NAIROBI,KENYA,,,NAIROBI,KENYA,M
38171,2019,SELF,103479,38171,NGEI,RACHAEL,WANGUI,724336206,shikuku1@gmail.com,23132386,1011,232,RUIRU,KENYA,1011,232,RUIRU,KENYA,F
38172,2019,SELF,103480,38172,OMONDI,ALFRED,OCHIENG,796648802,dummy10@gmail.com,30558552,,,NAIROBI,KENYA,,,NAIROBI,KENYA,M
38173,2019,SELF,103481,38173,NYAMBURA,RISPER LUCY,WANJIKU,718073723,dummy11@gmail.com,112725559,22924,400,NAIROBI,KENYA,22924,400,NAIROBI,KENYA,F
38174,2019,SELF,103482,38174,MULI,JOSEPH,MUNYOKI,796439797,josephmuli023@gmail.com,33825229,61085,200,NAIROBI,KENYA,61085,200,NAIROBI,KENYA,M
38175,2019,SELF,103483,38175,MUASYA,MARTIN,MBISI,710766014,martinm@219gmail.com,34540783,,,WOTE,KENYA,,,WOTE,KENYA,M
38178,2019,SELF,103484,38178,WACHIRA,ESTHER,WANJIRU,704501848,ewanjiruwachira@gmail.com,31959991,138,20115,NAKURU,KENYA,138,20115,NAKURU,KENYA,F
38181,2019,SELF,103485,38181,WAITHAKA,ALEX,KIHORO,728456882,akwaithaka8@gmail.com,33113408,47708,100,NAIROBI,KENYA,47708,100,NAIROBI,KENYA,M
38182,2019,SELF,103486,38182,NZUVA,CAROLYNE,MWENDE,705640214,carolnzura@gmail.com,32304225,42,90133,MAKUENI,KENYA,42,90133,MAKUENI,KENYA,F
38183,2019,SELF,103487,38183,NDERITU,DORIS,WANGUI,738273821,dwanguinderitu@gmail.com,30285735,3135,10100,NYERI,KENYA,3135,10100,NYERI,KENYA,F
38186,2019,SELF,103488,38186,MBUTHIA,ROSA   DAISY,WANGECI,714742993,dummy12@gmail.com,30346850,8737,200,NAIROBI,KENYA,8737,200,NAIROBI,KENYA,F
38187,2019,SELF,103489,38187,MOGENDI,JUSTINE,ONGERI,725117238,justinemogendi@gmail.com,A2554681,7240,200,NAIROBI,KENYA,7240,200,NAIROBI,KENYA,M
38188,2019,ODEL,103490,38188,NYANGOYA,MINYONG`A,ALFRED,713863381,alfrednyangoya01@gmail.cm,34961460,55,209,KAJIADO,KENYA,55,209,KAJIADO,KENYA,M
38189,2019,SELF,103491,38189,ASSARIA,AQIBHUSSEIN,NONE,738630303,aqubhussein@gmail.com,33669709,,,,KENYA,,,,KENYA,M
38190,2019,ODEL,103492,38190,SIMIYU,JOB,MASINDE`,710340896,jobsimiyu8@gmail.com,28546404,,100,NAIROBI,KENYA,,100,NAIROBI,KENYA,M
38192,2019,SELF,103493,38192,KIMONDO,BRIAN,IRUNGU,711200644,briankimondo@gmail.com,33206020,1136,90100,MACHAKOS,KENYA,1136,90100,MACHAKOS,KENYA,M
38197,2019,SELF,103494,38197,KOMU,ONESMUS,NONE,715577846,onesmusndegwa@yahoo.com,30012355,16,902,KIKUYU,KENYA,16,902,KIKUYU,KENYA,M
38202,2019,BRITAM,103495,38202,GITHINJI,JECINTA,NJERI,725969393,jacintani2@gnail.com,22252218,25,10400,NANYUKI,KENYA,25,10400,NANYUKI,KENYA,F
38203,2019,SELF,103496,38203,KARERA,PATRICK,WAMUTU,712591563,karerap@gmail.com,24520093,47316,100,NAIROBI,KENYA,47316,100,NAIROBI,KENYA,M
38205,2019,SELF,103497,38205,OKELLO,GEORGE,OTIENO,707749198,georgeotis48@yahoo.com,28405521,30586,100,NAIROBI,KENYA,30586,100,NAIROBI,KENYA,M
38207,2019,SELF,103498,38207,MUSYA,JOSEPH,KITEME,713051186,musyajkiteme@gmail.com,27937715,59485,200,NAIROBI,KENYA,59485,200,NAIROBI,KENYA,M
38208,2019,SELF,103499,38208,WACHIRA,LUCY,WAHITO,722899859,wahio2014@gmail.com,5500149,59999,200,NAIROBI,KENYA,59999,200,NAIROBI,KENYA,F
38211,2019,ODEL,103500,38211,DAVID,GEORGE,KALOKI,713768368,kalokidavid92@gmail.com,29566257,55742,200,NYERI,KENYA,55742,200,NYERI,KENYA,M
38212,2019,SELF,103501,38212,GWAKO,EDSON,ONDIEKI,721233153,edsongwako@gmail.com,13566129,77,519,MLOLONGO,KENYA,77,519,MLOLONGO,KENYA,M
38222,2019,SELF,103502,38222,NDIRANGU,GEORGE,HIRAM,770353161,gndirangu@hotmail.com,13263349,9847,100,NAIROBI,KENYA,9847,100,NAIROBI,KENYA,M
38223,2019,SELF,103503,38223,MAITHORI,CAROLINE,NGIMA,,maithori.c@gmail.com,22901993,8669,100,NAIROBI,KENYA,8669,100,NAIROBI,KENYA,F
38224,2019,SELF,103504,38224,NCHOE,RICHARD,O.,721997386,nchoaerichard@gmail.com,31703626,215,20500,NAIROBI,KENYA,215,20500,NAIROBI,KENYA,M
38226,2019,SELF,103505,38226,KOECH,EMMANUEL,KIPROTICH,724054552,kiprotichemmanuela@gmail.com,31559669,376,20400,BOMET,KENYA,376,20400,BOMET,KENYA,M
38227,2019,SELF,103506,38227,MWAURA,JOHN,KENNEDY,722773807,mwaurajk@gmail.com,10810543,73070,200,NAIROBI,KENYA,73070,200,NAIROBI,KENYA,M
38229,2019,SELF,103507,38229,NJUGUNA,ISAAC,MWANGI,723105865,mwanginjuguna27@gmail.com,27102114,7323,100,NAIROBI,KENYA,7323,100,NAIROBI,KENYA,M
38230,2019,SELF,103508,38230,OKETCH,JANET,ATIENO,722843650,jantoshke@gmail.com,21692569,,,722843650,KENYA,,,722843650,KENYA,F
38233,2019,SELF,103509,38233,NJUE,OKUMU CHRISTINE,KARIMI,722615234,cnchallenge@gmail.com,10863735,3812,100,NAIROBI,KENYA,3812,100,NAIROBI,KENYA,F
38234,2019,SELF,103510,38234,MBUGUA,ANNE,NGATHA,725900945,annembugua23@yahoo.com,25313575,33180,30100,ELDORET,KENYA,33180,30100,ELDORET,KENYA,F
38235,2019,SELF,103511,38235,CHEGE,JOHN,MWANIKI,720862107,chegemwaniki@gmail.com,13411837,21925,100,NAIROBI,KENYA,21925,100,NAIROBI,KENYA,M
38241,2019,SELF,103512,38241,KYENGO,MESHACK,MWANZIA,724543953,meshkyengo@gmail.com,22252723,79066,400,NAIROBI,KENYA,79066,400,NAIROBI,KENYA,M
38242,2019,ODEL,103513,38242,MUSYOKI,MICHAEL,KILONZO,724651364,mikekilonzo90@gmail.com,28728396,72,90119,MACHAKOS,KENYA,72,90119,MACHAKOS,KENYA,M
38243,2019,SELF,103514,38243,NJUMWA,HUMPHREY,MWAPAGHA,728054933,hanznjumwa@gmail.com,26543549,38715,600,NAIROBI,KENYA,38715,600,NAIROBI,KENYA,M
38244,2019,SELF,103515,38244,MWANGI,JOHN,NJUGUNA,724344736,jonjumwa@gmail.com,11154425,88,20102,NAKURU,KENYA,88,20102,NAKURU,KENYA,M
38245,2019,SELF,103516,38245,DUBA,ABDUB,DENGE,723570981,hamzaduba54@gmail.com,29980399,22555,400,NAIROBI,KENYA,22555,400,NAIROBI,KENYA,M
38250,2019,SELF,103517,38250,THANGARI,INNOCENT,WAMAI,710812921,iwamaeinnocent@gmail,28185130,167,20100,NAKURU,KENYA,167,20100,NAKURU,KENYA,M
38253,2019,SELF,103518,38253,MPONDA,HARRIET,MENDUNE,786225447,mpondah6@gmail.com,32727075,79708,200,NAIROBI`,KENYA,79708,200,NAIROBI`,KENYA,F
38256,2019,SELF,103519,38256,CHEPNGETICH,KOECH,NONE,723991878,dummy13@gmail.com,27502981,12276,100,NAIROBI,KENYA,12276,100,NAIROBI,KENYA,F
38257,2019,ODEL,103520,38257,MBUI,EDWIN,CHIURI,702742531,edwinmbui2@gmail.com,32357446,2379,1000,THIKA,KENYA,2379,1000,THIKA,KENYA,M
38258,2019,ODEL,103521,38258,MABIRIA,MAUREEN,MORAA,722728682,mmabiyra@gmail.com,25113534,75766,200,KISUMU,KENYA,75766,200,KISUMU,KENYA,F
38260,2019,SELF,103522,38260,NJURU,MAURIFIXTEN,KAMAU,725532003,njurumaurice@gmail.com,24880413,,,NAIROBI,KENYA,,,NAIROBI,KENYA,M
38262,2019,SLEF,103523,38262,MBOGA,MICHAEL,OMONDI,722249220,michaelmboga@yahoo.com,14643144,18238,500,NAIROBI,KENYA,18238,500,NAIROBI,KENYA,M
38263,2019,SELF,103524,38263,MUTERU,STEVE,MUGUKU,714040467,steve.muteru@gmail.com,28100777,1213,10100,NYERI,KENYA,1213,10100,NYERI,KENYA,M
38264,2019,SELF,103525,38264,MARGARET,MIREHO,AKENGA,743662127,akenga@gakenya.com,20079183,42166,100,NAIROBI,KENYA,42166,100,NAIROBI,KENYA,F
38265,2019,SELF,103526,38265,ONYANGO,CATHERINE,ACHIENG,721730111,cathrineachieng@gmail.com,28142697,198,507,NAIROBI,KENYA,198,507,NAIROBI,KENYA,F
38266,2019,SELF,103527,38266,MUTWASI,OTUNDO,MARGARET,727895582,magmuts@gmail.com,20720896,14153,20100,NAKURU,KENYA,14153,20100,NAKURU,KENYA,F
38267,2019,SELF,103528,38267,NDIEMA,JANET,NONE,722240818,cjndiem@gmail.com,13208830,3109,30100,ELDORET,KENYA,3109,30100,ELDORET,KENYA,F
38268,2019,SELF,103529,38268,WANYONYI,DOROTHY,NANJALA,704116778,dorothy.wanyonyi@gmail.com,23644721,508,30200,KITALE,KENYA,508,30200,KITALE,KENYA,F
38269,2019,SELF,103530,38269,SAVONGE,FREDRICK,MUSYOKA,725730008,savongefred@gmail.com,24594400,58935,200,NAIROBI,KENYA,58935,200,NAIROBI,KENYA,M
38271,2019,SELF,103531,38271,MWANGI,MARTHA,WANJIKU,716764767,mwangiwmartha@gmail.com,27772146,46666,,NAIROBI,KENYA,46666,,NAIROBI,KENYA,F
38272,2019,ODEL,103532,38272,NDITI,BELINDAH,NJERI,708010892,belindanjeri@gmail.com,33465087,719,10200,NAIROBI,KENYA,719,10200,NAIROBI,KENYA,F
38281,2019,SELF,103533,38281,EVANCE,ODHIAMBO,OLOO,720980569,evance.odhiambo@gmail.com,20730258,5805,100,NAIROBI,KENYA,5805,100,NAIROBI,KENYA,M
38282,2019,SELF,103534,38282,CHEROTICH,BETTY,NONE,712859572,vkorir@gmail.com,27587879,7869,40100,KISUMU,KENYA,7869,40100,KISUMU,KENYA,F
38283,2019,CBA,103535,38283,DISOUZA,AARON STEPHEN,ALEXANDER,722484173,aaron.dsou2a@gmail.com,24450176,99620,80107,MOMBASA,KENYA,99620,80107,MOMBASA,KENYA,M
38284,2019,CBA,103536,38284,NGACAKU,ALEX,MUTURI,786764200,muturi.ngacaku@gmail.com,27793224,48029,100,NAIROBI,KENYA,48029,100,NAIROBI,KENYA,M
38285,2019,CBA,103537,38285,NDANI,BENJAMIN,KIUNDU,724672507,ndanib@yahoo.com,27087207,90681,80100,MOMBASA,KENYA,90681,80100,MOMBASA,KENYA,M
38286,2019,CBA,103538,38286,GATHERU,BETTY,MUTHONI,720806680,bettym.gatheru@gmail.com,23623862,67137,200,NAIROBI,KENYA,67137,200,NAIROBI,KENYA,F
38287,2019,CBA,103539,38287,KARANJA,BRENDA,NJERI,739871256,brenda.karanja@cbagroup.com,29357205,59797,100,NAIROBI,KENYA,59797,100,NAIROBI,KENYA,F
38288,2019,CBA,103540,38288,MASHA,DICKSON,T,725909130,mashdickson@gmail.com,24201249,90681,80100,MOMBASA,KENYA,90681,80100,MOMBASA,KENYA,M
38289,2019,CBA,103541,38289,SIMBA,DOROTHY,AWINO,717006944,dorothy.simba@cbagroup.com,9774953,90681,80100,MOMBASA,KENYA,90681,80100,MOMBASA,KENYA,F
38290,2019,CBA,103542,38290,ORUKA,FREDRICK,OMONDI,725260752,fredrickoruka@gmail.com,24659394,30437,100,NAIROBI,KENYA,30437,100,NAIROBI,KENYA,M
38291,2019,CBA,103543,38291,EKEA,IDA PAULINE,ATYANG,720808225,idkagek@gmail.com,21785902,333,80109,MOMBASA,KENYA,333,80109,MOMBASA,KENYA,F
38292,2019,CBA,103544,38292,OKELLO,JECINTER,AUMA,721223057,jecinterokello@gmail.com,22785549,16469,80100,MOMBASA,KENYA,16469,80100,MOMBASA,KENYA,F
38293,2019,CBA,103545,38293,MUGO,JOSEPHAT,KUNG`U,720466620,mugojosephat@gmail.com,24660145,6651,300,NAIROBI,KENYA,6651,300,NAIROBI,KENYA,M
38294,2019,CBA,103546,38294,WAMUGUNDA,KEVIN,MBURU,721470629,kevinwamugunda@gmail.com,28071952,1,10230,KIRINYAGA,KENYA,1,10230,KIRINYAGA,KENYA,M
38295,2019,CBA,103547,38295,MASWII,ONESMUS,MUOKI,721276314,omuoki@gmail.com,23524047,11617,400,NAIROBI,KENYA,11617,400,NAIROBI,KENYA,M
38296,2019,CBA,103548,38296,KIARIE,PAUL,NDUNG`U,721865522,paulnkiarie@gmail.com,24435154,3069,200,NAIROBI,KENYA,3069,200,NAIROBI,KENYA,M
38297,2019,CBA,103549,38297,NDEGWA,PETER,MUTWIRI,721870277,pmndegwa@gmail.com,22843749,88701,80100,MOMBASA,KENYA,88701,80100,MOMBASA,KENYA,M
38298,2019,CBA,103550,38298,KAYONGO,PHILLIP,NSEREKO,719573141,philipkayongo@gmail.com,28651112,30437,100,NAIROBI,KENYA,30437,100,NAIROBI,KENYA,M
38299,2019,CBA,103551,38299,OTUKA,RAYAN,OKOTH,725266757,rayan.otuka@gmail.com,24714379,30437,100,NAIROBI,KENYA,30437,100,NAIROBI,KENYA,M
38300,2019,CBA,103552,38300,OSIEMO,SARAH,MOKEIRA,725892585,osiemosarah@gmail.com,26765883,254181,100,NAIROBI,KENYA,254181,100,NAIROBI,KENYA,F
38301,2019,CBA,103553,38301,MBUGUA,SHEILAH,WANJIRU,701545866,smbugua08@gmail.com,25526861,9309,300,NAIROBI,KENYA,9309,300,NAIROBI,KENYA,F
38303,2019,DIRECTLINE,103554,38303,GACHWE,ALEX,KAMAU,717291478,alexgachwe7@gmail.com,33353542,286,216,KIAMBU,KENYA,286,216,KIAMBU,KENYA,M
38304,2019,DIRECTLINE,103555,38304,GACHERU,ALICE,MUTHONI,722250336,alicegacheru10@gmail.com,22468660,29163,1000,NAIROBI,KENYA,29163,1000,NAIROBI,KENYA,F
38305,2019,CBA,103556,38305,NYABUNDI,ANTONINA,AKELLO,722208400,nyabundia@gmail.com,25528752,3798,200,NAIROBI,KENYA,3798,200,NAIROBI,KENYA,F
38307,2019,DIRECTLINE,103557,38307,KIAMA,CAROLINE,MURINGI,713258992,carolkiama30@gmail.com,24347966,5020,200,ELDORET,KENYA,5020,200,ELDORET,KENYA,F
38308,2019,DIRECTLINE,103558,38308,KAROKI,CAROLINE,NONE,724692364,carolinekendi84@gmail.com,24818521,3260,60200,MERU,KENYA,3260,60200,MERU,KENYA,F
38310,2019,DIRECTLINE,103559,38310,WANGARI,DAVID,KING`ORI,720216558,davidwangari123@gmail.com,25237323,163,10104,NYERI,KENYA,163,10104,NYERI,KENYA,M
38311,2019,DIRECTLINE,103560,38311,MACHAKI,DAVID,MURITHI,726289523,dmacharia@gmail.com,24995243,2159,20100,NAKURU,NAKURU,2159,20100,NAKURU,NAKURU,M
38312,2019,DIRECTLINE,103561,38312,MUSEMBI,EUNICE,NDUKU,723798944,musembinduku23@gmail.com,25224783,28533,100,NAIROBI,KENYA,28533,100,NAIROBI,KENYA,F
38313,2019,DIRECTLINE,103562,38313,ONGWENYI,FAITH,MORAA,711926748,faithmoraa7@gmail.com,28703165,306,516,NAIROBI,KENYA,306,516,NAIROBI,KENYA,F
38314,2019,DIRECTLINE,103563,38314,MISIKO,IRMA,TAKA,701223136,irmatakah8@gmail.com,29496329,36366,202,NAIROBI,KENYA,36366,202,NAIROBI,KENYA,F
38315,2019,DIRECTLINE,103564,38315,WAMBUGU,JACKLINE,MUTHONI,701735935,jacquelynewambugu@gmail.com,29315121,,100,NAIROBI,KENYA,,100,NAIROBI,KENYA,F
38316,2019,DIRECTLINE,103565,38316,JANETH,CHEPNGETICH,NONE,717035092,jbii399@gmail.com,25169387,,,NAKURU,KENYA,,,NAKURU,KENYA,F
38317,2019,DIRECTLINE,103566,38317,MATHENGE,JOAN,MUTHONI,722838588,jmathenge@yahoo.com,21357442,3005,10140,NYERI,KENYA,3005,10140,NYERI,KENYA,F
38318,2019,DIRECTLINE,103567,38318,MUCHINA,JOYCE JUDY,WANGUI,700415825,jmuchina40@gmail.com,29352388,311,216,KIAMBU,KENYA,311,216,KIAMBU,KENYA,F
38319,2019,DIRECTLINE,103568,38319,KATHIARI,KEVIN,MUTABARI,715760480,kevinntabahs@gmail.com,31783523,101,60600,MERU,KENYA,101,60600,MERU,KENYA,M
38320,2019,DIRECTLINE,103569,38320,OMBOTO,LUCAS,JOHN,712067062,johnlucas9293@gmail.com,28619064,381,40200,KISII,KENYA,381,40200,KISII,KENYA,M
38321,2019,DIRECTLINE,103570,38321,MUTHEE,LYNNET,WAIRIMU,719829643,lynnemuthee@gmail.com,28656170,67663,200,NAIROBI,KENYA,67663,200,NAIROBI,KENYA,F
38322,2019,DIRECTLINE,103571,38322,OSIOMA,MARSDEN,JOSHUA,722761616,maesdensaaka@gmail.com,A2330055,62612,200,NAIROBI,KENYA,62612,200,NAIROBI,KENYA,F
38323,2019,DIRECTLINE,103572,38323,MBUGUA,MAUREEN JOYCE,WAMBUI,722429066,maureenw.mbugua@gmail.com,10225804,35239,100,NAIROBI,KENYA,35239,100,NAIROBI,KENYA,F
38324,2019,DIRECTLINE,103573,38324,WAWIRA,MILLICENT,WAIRIMU,722360798,ilyienimo55@gmail.com,28224100,9,10301,KIANYAGA,KENYA,9,10301,KIANYAGA,KENYA,F
38325,2019,DIRECTLINE,103574,38325,ISINDE,MONICA,KISUU,717386148,monicaisinde88@gmail.com,30791278,14288,,NAIROBI,KENYA,14288,,NAIROBI,KENYA,F
38326,2019,DIRECTLINE,103575,38326,GITONGA,PHENEAS,NONE,717793752,pheneas.gitonga@directline.co.ke,28332253,70905,400,NAIROBI,KENYA,70905,400,NAIROBI,KENYA,F
38327,2019,DIRECTLINE,103576,38327,WANJIRU,PHILIP,MBURU,713981949,pmburu578@gmail.com,25434533,,,NAKURU,NAKURU,,,NAKURU,NAKURU,M
38328,2019,DIRECTLINE,103577,38328,MAGAIGWA,PHILIP,NONE,713953259,philipgati.magaigwa@gmail.com,27990880,40863,100,NAIROBI,KENYA,40863,100,NAIROBI,KENYA,M
38329,2019,DIRECTLINE,103578,38329,MAKORI,RAEL,MORAA,724775635,moraarael@yahoo.com,24091177,2490,,NAKURU,NAKURU,2490,,NAKURU,NAKURU,F
38330,2019,DIRECTLINE,103579,38330,CHERUIYOT,RONALD,KIPROTICH,723047476,ronniejeru@gmail.com,28671861,62492,200,NAIROBI,KENYA,62492,200,NAIROBI,KENYA,M
38332,2019,DIRECTLINE,103580,38332,MUNYUA,WINNIE,WANJIKU,71270003,winnie.munyua@directline.co.ke,26235811,67345,100,NAIROBI,KENYA,67345,100,NAIROBI,KENYA,F
38333,2019,DIRECTLINE,103581,38333,WABUKALA,WYCLIFFE,NONE,708480237,wycliffewabukal24@gmail.com,27434848,40863,100,NAIROBI,KENYA,40863,100,NAIROBI,KENYA,M
38335,2019,UAP OLDMUTUAL,103582,38335,OMBUNA,CHARLES,MIRAMBO,727548323,c.mirambo@yahoo.com,13570648,,,MOMBASA,KENYA,,,MOMBASA,KENYA,M
38336,2019,UAP OLDMUTUAL,103583,38336,NG'ONG'A,JOSEPH,OMULLO,715052113,josephomullo@gmail.com,29108568,4378,40100,KISUMU,KENYA,4378,40100,KISUMU,KENYA,M
38337,2019,UAP OLDMUTUAL,103584,38337,NDEREBA,MUTHONI,PURITY,729956993,muthonipurity63@gmail.com,30413213,53,,NAIROBI,KENYA,53,,NAIROBI,KENYA,F
38338,2019,UAP OLDMUTUAL,103585,38338,CHEPKEMOI,LUCY,TANUI,722636860,sigeilucy@gmail.com,23981103,12101,1000,NAIROBI,KENYA,12101,1000,NAIROBI,KENYA,F
38341,2019,UAP OLDMUTUAL,103586,38341,MUTAI,KIPYEGO,TITUS,706465847,ptitomutai@gmail.com,31847864,71,30705,KAPSOWAR,KENYA,71,30705,KAPSOWAR,KENYA,M
38342,2019,UAP OLDMUTUAL,103587,38342,KIMAIYO,ANTONIUS,CHELAGAT,721556638,achelegat@yahoo.com,14543929,59632,200,NAIROBI,KENYA,59632,200,NAIROBI,KENYA,F
38343,2019,UAP OLDMUTUAL,103588,38343,MABWA,WESLEY,OMIENA,703119726,wmabwa@live.com,29354780,615,30100,ELDORET,KENYA,615,30100,ELDORET,KENYA,M
38347,2019,UAP OLDMUTUAL,103589,38347,OGOLA,CAREY ROBERT,OCHIENG',724855655,carey.ogola@gmail.com,21783344,67645,200,NAIROBI,KENYA,67645,200,NAIROBI,KENYA,M
38348,2019,UAP  OLDMUTUAL,103590,38348,MAINA,CONSOLATA,WANDIA,719407170,consomaina76@gmail.com,33124926,2074,,NYANDURUA,KENYA,2074,,NYANDURUA,KENYA,F
38349,2019,UAP OLDMUTUAL,103591,38349,NJIRU,HELLEN,NJOKI,716586445,hellennjoki477@gmail.com,26258670,49343,100,NAIROBI,KENYA,49343,100,NAIROBI,KENYA,F
38351,2019,UAP OLDMUTUAL,103592,38351,CHEGE,ERIC,NG'ANG'A,700446774,chege2548@gmail.com,33362935,62,900,KIAMBU,KENYA,62,900,KIAMBU,KENYA,M
38353,2019,UAP OLDMUTUAL,103593,38353,MAUNDU,JULIANA,MUENI,724177567,muenijuliana15@gmail.com,28282836,35059,100,NAIROBI,KENYA,35059,100,NAIROBI,KENYA,F
38354,2019,UAP OLDMUTUAL,103594,38354,KIPYEGON,JEBET,NONE,723789225,jjebet03@gmail.com,22299977,72670,200,NAIROBI,KENYA,72670,200,NAIROBI,KENYA,F
38357,2019,UAP OLDMUTUAL,103595,38357,OMAR,MANASITI,NONE,708176655,manasitiomar92@gmail.com,31589184,65,205,MAGADI KAJIADO,KENYA,65,205,MAGADI KAJIADO,KENYA,F
38359,2019,UAP OLDMUTUAL,103596,38359,KING'OO,SUSAN,MBULWA,721935458,susanmbulwa@gmail.com,27277629,73745,200,NAIROBI,KENYA,73745,200,NAIROBI,KENYA,F
38363,2019,UAP OLDMUTUAL,103597,38363,AWINO,PETER,ODONDO,713514655,peterawino59@gmail.com,31716170,33,40139,NAIROBI,KENYA,33,40139,NAIROBI,KENYA,M
38364,2019,UAP OLDMUTUAL,103598,38364,OBONYO,STONIC,AGWENY,704844732,obonyoagweny34@gmail.com,27989062,589,40222,OYUGIS,KENYA,589,40222,OYUGIS,KENYA,M
38366,2019,UAP OLDMUTUAL,103599,38366,MIREHO,SELINE,MMBONE,798237221,mammlyne@gmail.com,30619119,35500,100,NAIROBI,KENYA,35500,100,NAIROBI,KENYA,F
38367,2019,UAP OLDMUTUAL,103600,38367,KIBOI,OLIVE,NJERI,706700053,olivenjeri1@gmail.com,30779098,2309,60100,EMBU,KENYA,2309,60100,EMBU,KENYA,F
38369,2019,SELF,103601,38369,MUTEMI,CAROLYNE,KANAI,704596469,kanaicarolina@gmail.com,27552530,,100,NAIROBI,KENYA,,100,NAIROBI,KENYA,F
38370,2019,UAP OLD MUTUAL,103602,38370,MALUKU,JOHN  KASYOKA,MALUKU,723497106,jonkam2000@gmail.com,20885224,21188,505,NAIROBI,KENYA,21188,505,NAIROBI,KENYA,M
38373,2019,UAP OLDMUTUAL,103603,38373,MUTHEE,CAROLYNE,MUTHEE,721849689,mcarolyne18@gmail.com,22593926,1138,100,NAIROBI,KENYA,1138,100,NAIROBI,KENYA,F
38374,2019,SELF,103604,38374,BOSIRE,NYANYUKI,OBED,734803198,bosire.obed@gmail.com,22712189,1,40503,NYAMIRA,KENYA,1,40503,NYAMIRA,KENYA,M
38377,2019,SELF,103605,38377,NGETHE,HANNAH,WAMBUI,728760150,annatasha7@gmail.com,28467111,64461,620,NAIROBI,KENYA,64461,620,NAIROBI,KENYA,F
38383,2019,SELF,103606,38383,MUTHOMI,PURITY,NKIROTE,788512425,purnike@yahoo.com,23961054,1676,60200,MERU,KENYA,1676,60200,MERU,KENYA,F
38384,2019,SELF,103607,38384,MICAH,DENIS,MOGAKA,737807794,micahdenis@outlook.com,31517982,1573,200,NAIROBI,KENYA,1573,200,NAIROBI,KENYA,M
38392,2019,SELF,103608,38392,GIKENYI,DANIEL,NYAGAKA,711824790,danielnyagaka@gmail.com,37853646,10600542,200,NAIROBI,KENYA,10600542,200,NAIROBI,KENYA,M
38401,2019,SELF,103609,38401,AMUTETE,HOWARD,NONE,746252415,howardmutete77@gmail.com,32896189,,,NAIROBI,KENYA,,,NAIROBI,KENYA,M
38402,2019,ODEL,103610,38402,OMANGA,ROSELYNE,MATURU,722529860,roselynomanga@gmail.com,23747172,52326,200,NAIROBI,KENYA,52326,200,NAIROBI,KENYA,F
38404,2019,BRITAM,103611,38404,OYUGI,GEOFFREY KENNEDY,OWINO,780402863,geoffreykeowino@gmail.com,13491564,17056,510,NAIROBI,KENYA,17056,510,NAIROBI,KENYA,M
38405,2019,BRITAM,103612,38405,WACHIRA,BEATRICE,MUMBI,725215753,betty-mumbi30@gmail.com,24246880,610,946,NANYUKI,KENYA,610,946,NANYUKI,KENYA,F
38406,2019,BRITAM,103613,38406,OPONDO,JACINTA,ANYANGO,722616895,jacintaopondo@gmail.com,13681991,78505,507,NAIROBI,KENYA,78505,507,NAIROBI,KENYA,F
38407,2019,BRITAM,103614,38407,KARIUKI,RHODA,NJAMBI,721539861,kariuki.rhoda@gmail.com,20248954,102693,101,NAIROBI,KENYA,102693,101,NAIROBI,KENYA,F
38408,2019,BRITAM,103615,38408,MWAVUA,NAOMI,WUGHANGA,720399912,nmwavua@gmail.com,22022901,79635,200,NAIROBI,KENYA,79635,200,NAIROBI,KENYA,F
38409,2019,BRITAM,103616,38409,KITUA,FREDRICK,MUSAU,726631485,freddykitua@gmail.com,27011286,17,,NAIROBI,KENYA,17,,NAIROBI,KENYA,M
38410,2019,BRITAM,103617,38410,GITAU,NANCY,WAMBUI,720245390,nancywambuigitau1982@gmail.com,22781065,15,10205,MURANG`A,KENYA,15,10205,MURANG`A,KENYA,F
38411,2019,BRITAM,103618,38411,GATHUMBI,GLADYS,NJERI,723932995,ggathumbi88@gmail.com,23629696,16,10205,MARAGUA,KENYA,16,10205,MARAGUA,KENYA,F
38412,2019,BRITAM,103619,38412,KISURKAT,JENNIPHER,SEKEYIAH,723060218,jennipherkeyian@gmail.com,30836481,152,20500,NAROK,KENYA,152,20500,NAROK,KENYA,F
38414,2019,BRITAM,103620,38414,OTIENO,ALUOCH,WINFRED,792426087,winnyaluoch@yahoo.com,25265303,1083,40100,KISUMU,KENYA,1083,40100,KISUMU,KENYA,F
38415,2019,BRITAM,103621,38415,MBOYA,CALVINS,OTIENO,705076628,calvinsmboya@gmail.com,30913165,336,40101,AHERO,KENYA,336,40101,AHERO,KENYA,M
38416,2019,BRITAM,103622,38416,KARANJA,ROSE,NDUTA,728406632,rndutao74@gmail.com,24115752,1487,1000,THIKA,KENYA,1487,1000,THIKA,KENYA,F
38418,2019,BRITAM,103623,38418,OKOYO,HEBSON,ONYANGO,724483745,okoyohesbon4@gmail.com,25927898,252,40200,KISII,KENYA,252,40200,KISII,KENYA,M
38419,2019,BRITAM,103624,38419,OKENGO,SILVESTER,OCHIENG,727775858,okengo.sylvester.84@gmail.com,25190585,538,40400,MIGORI,KENYA,538,40400,MIGORI,KENYA,M
38420,2019,BRITAM,103625,38420,MURAYA,LYDIA,MYAMBURA,721502014,lydjoj@mail.com,26060273,6147,1000,THIKA,KENYA,6147,1000,THIKA,KENYA,F
38421,2019,BRITAM,103626,38421,MWITI,DOUGLAS,KINOTI,726475908,mwit361@gmail.com,21904115,1487,100,THIKA,KENYA,1487,100,THIKA,KENYA,M
38422,2019,BRITAM,103627,38422,MURIITHI,MARY,WANJIRA,723739133,muriithimary247@gmail.com,9813557,1487,1000,THIKA,KENYA,1487,1000,THIKA,KENYA,F
38423,2019,BRITAM,103628,38423,KIMANI,AYAFOR AZISEH,NGWINGMBA,726881695,nging.kimani@gmail.com,37276672,17719,100,NAIROBI,KENYA,17719,100,NAIROBI,KENYA,F
38424,2019,BRITAM,103629,38424,KURI,CHARITY,FURAHA,722995996,charitysiganga2013@gmail.com,7276280,19709,100,NAIROBI,KENYA,19709,100,NAIROBI,KENYA,F
38425,2019,BRITAM,103630,38425,CAROLINE,AWOUR,ONYANGO,712330532,dummy14@gmail.com,24113949,1465,300,NAIROBI,KENYA,1465,300,NAIROBI,KENYA,F
38426,2019,BRITAM,103631,38426,THUNGU,ANTHONY,NDUNGU,701656200,antondungu15@gmail.com,30581205,90213,80100,MOMBASA,KENYA,90213,80100,MOMBASA,KENYA,M
38427,2019,BRITAM,103632,38427,ONYANGO,FLORENCE,LILIAN,721870821,fkadenge@gmail.com,10559175,26318,504,NAIROBI,KENYA,26318,504,NAIROBI,KENYA,F
38428,2019,BRITAM,103633,38428,NDWIGA,MURUGI MAGDALENE,MARY,711124378,magdamurugi12@gmail.com,33432365,113,60103,RUNYENJES,KENYA,113,60103,RUNYENJES,KENYA,F
38431,2019,MSA-C,103634,38431,MACHI,CHRISPINE,MARENGE,729257711,chrispinemachi@gmail.com,36605620,82556,80100,MOMBASA,KENYA,82556,80100,MOMBASA,KENYA,M
38432,2019,MSA-C,103635,38432,IRINA,EDISON,MLANDA,722351234,edisonirina@apainsurance.org,2284627,82402,80100,MOMBASA,KENYA,82402,80100,MOMBASA,KENYA,M
38433,2019,MSA-C,103636,38433,KINYUA,FAITH,MUKAMI,722844723,mukamif@gmail.com,14734004,82424,80100,MOMBASA,KENYA,82424,80100,MOMBASA,KENYA,F
38434,2019,MSA-C,103637,38434,MULI,FAITH,MWIKALI,711362258,faithghar@gmail.com,28817554,17024,80100,MOMBASA,KENYA,17024,80100,MOMBASA,KENYA,F
38435,2019,MSA-C,103638,38435,HAJIR,FATUMA,ISMAIL,728122751,hajirfatma45@gmail.com,30863300,,,MOMBASA,KENYA,,,MOMBASA,KENYA,F
38436,2019,MSA-C,103639,38436,NJOROGE,FLORENCE,WANJIRU,721747916,fnjoroge002@gmail.com,22015248,85007,80100,MOMBASA,KENYA,85007,80100,MOMBASA,KENYA,F
38437,2019,MSA-C,103640,38437,KANGETHE,GLADWELL,KABURA,726154400,kangethegladwell@gmail.com,27457490,45067,100,NAIROBI,KENYA,45067,100,NAIROBI,KENYA,F
38438,2019,MSA-C,103641,38438,KYENGO,GLADYS,NYIVA,723853807,nyivahgladys@gmail.com,23361260,394,20109,MOMBASA,KENYA,394,20109,MOMBASA,KENYA,F
38439,2019,MSA-C,103642,38439,MUHKWANA,IRENE,NALIAKA,703102864,irenemukhwana72@gmail.com,30575567,345,80100,MOMBASA,KENYA,345,80100,MOMBASA,KENYA,F
38440,2019,MSA-C,103643,38440,KIMWELE,LENAH,MALI,705504906,lenahkimwele95@gmail.com,33718226,,,MOMBASA,KENYA,,,MOMBASA,KENYA,F
38441,2019,MSA-C,103644,38441,KILOKO,LILIAN,NONE,718404489,liliankimeulkiloko@gmail.com,37027633,,,MOMBASA,KENYA,,,MOMBASA,KENYA,F
38442,2019,MSA-C,103645,38442,AMUKUMBI,LOISE,NANGENYA,729817403,dummy15@gmail.com,25665302,,,MOMBASA,KENYA,,,MOMBASA,KENYA,F
38443,2019,MSA-C,103646,38443,MWADIME,MERCY,SAMBA,708228748,mwadimemercie0@gmail.com,28436605,585,80100,MOMBASA,KENYA,585,80100,MOMBASA,KENYA,F
38444,2019,MSA-C,103647,38444,MACHUKA,NELSON,MAETA,708517790,maleybronx@gmail.com,32064355,88105,80100,MOMBASA,KENYA,88105,80100,MOMBASA,KENYA,M
38445,2019,MSA-C,103648,38445,NZIOKA,PAULINE,KITHEI,705507159,paulnzioka94@gmail.com,32466114,248,80100,MOMBASA,KENYA,248,80100,MOMBASA,KENYA,F
38446,2019,MSA-C,103649,38446,NYANGE,PHIDILIA,CHUGHU,792357019,dummy16@gmail.com,36749583,,,MOMBASA,KENYA,,,MOMBASA,KENYA,F
38447,2019,MSA-C,103650,38447,NYANUMBA,ROBERT,NONE,723596488,robertnyanumba@yahoo.com,26506929,,,MOMBASA,KENYA,,,MOMBASA,KENYA,M
38448,2019,MSA-C,103651,38448,SARIAH,SAID,SWALEH,725107280,saidswaleh.ss@gmail.com,28702184,,,MOMBASA,KENYA,,,MOMBASA,KENYA,M
38450,2019,MSA-C,103652,38450,FRANCIS,STELLA,KALEKYE,719748195,s.kalekye92@gmail.com,30325337,87006,80100,MOMBASA,KENYA,87006,80100,MOMBASA,KENYA,F
38451,2019,MSA-C,103653,38451,MUTUA,SUSAN,KAMBUA,729619006,dummy17@gmail.com,25743919,83904,80100,MOMBASA,KENYA,83904,80100,MOMBASA,KENYA,F
38452,2019,MSA-C,103654,38452,RAU,SUSAN,KWEKWE,722447259,susankwekwe@gmail.com,22291070,558,80100,MOMBASA,KENYA,558,80100,MOMBASA,KENYA,F
38453,2019,MSA-C,103655,38453,DIN,ZAFIR,ZULFIKAR,725227772,zalfir@gakenya.com,21108593,84081,80100,MOMBASA,KENYA,84081,80100,MOMBASA,KENYA,M
38456,2019,MSA-C,103656,38456,MAROA,SILVESTER,MEREMO,703867101,leshsly7@gmail.com,25125736,182,40143,MIGORI,KENYA,182,40143,MIGORI,KENYA,M
38457,2019,SELF,103657,38457,KARIMI,CHRISTINE,NONE,721572454,kachris2001@gmail.com,21714671,1316,606,NAIROBI,KENYA,1316,606,NAIROBI,KENYA,F
38465,2019,BRITAM,103658,38465,HANDA,MATSATSA,EMILY,727778517,emmy.handa@yahoo.com,28069386,96,50100,KAKAMEGA,KENYA,96,50100,KAKAMEGA,KENYA,F
38472,2019,CITADEL,103659,38472,EMILIO,ANGELA,KARIMI,728554608,angelakarimiemilio@gmail.com,32006657,1767,60100,EMBU,KENYA,1767,60100,EMBU,KENYA,F
38473,2019,CITADEL,103660,38473,MWENDWA,ANNBETH,NONE,717591619,mwendwaannbeth@gmail.com,31189694,913,7889,MERU,KENYA,913,7889,MERU,KENYA,F
38475,2019,CITADEL,103661,38475,NGUGI,ANTONY,MUTURI,710979069,tonnyngg@yahoo.com,24387158,7665,30100,ELDORET,KENYA,7665,30100,ELDORET,KENYA,M
38476,2019,CITADEL,103662,38476,KADANDO,OOLA,BONFACE,701808308,oolabonface@gmail.com,32158622,7185,30100,ELDORET,KENYA,7185,30100,ELDORET,KENYA,M
38477,2019,CITADEL,103663,38477,MAKAMBU,ONDUKO,BONIFACE,723316217,binniemakambu52@gmail.com,28570550,2064,8017,NAKURU,KENYA,2064,8017,NAKURU,KENYA,M
38478,2019,CITADEL,103664,38478,JAMES,CHRIS,ZEKKEY,712347905,zekkeychris@gmail.com,30474261,,,ELDORET,KENYA,,,ELDORET,KENYA,M
38480,2019,CITADEL,103665,38480,VILILI,DAVID,ASIEMA,720176170,dasiema@pioneerassurance.co.ke,23562110,20333,200,NAIROBI,KENYA,20333,200,NAIROBI,KENYA,M
38482,2019,CITADEL,103666,38482,OMWANDO,DIVINAH,NYAMISA,710417688,divinahnyamisa@gmail.com,32098686,7185,30100,ELDORET,KENYA,7185,30100,ELDORET,KENYA,F
38483,2019,CITADEL,103667,38483,KALANGILI,DOROTHY,MUTTO,717381237,dorothykalangili@yahoo.com,21842407,9065,30100,ELDORET,KENYA,9065,30100,ELDORET,KENYA,F
38484,2019,CITADEL,103668,38484,NYADUNDO,EMILY,ACHIENG,791507365,eachieng@pioneer.co.ke,13890010,900,40100,KISUMU,KENYA,900,40100,KISUMU,KENYA,F
38485,2019,CITADEL,103669,38485,AGALA,KHAVAI,ENID,705595665,enidagala95@gmail.com,32301306,1425,,KITALE,KENYA,1425,,KITALE,KENYA,F
38486,2019,CITADEL,103670,38486,OJARO,EUNICE,AUMA,700043498,euniceojaroo@gmail.com,26158278,81029,80100,MOMBASA,KENYA,81029,80100,MOMBASA,KENYA,F
38488,2019,CITADEL,103671,38488,KINYATTA,GEOFFREY,MUTEGI,741642975,kinyattageoffrey@gmail.com,35864017,913,7681,MERU,KENYA,913,7681,MERU,KENYA,M
38489,2019,CITADEL,103672,38489,OMINA,GLADYS,ACHIENG,726975873,gladomin8@gmail.com,22958782,7185,,ELDORET,KENYA,7185,,ELDORET,KENYA,F
38490,2019,CITADEL,103673,38490,AMATTAH,GRACE,CHEBET,716422719,gamatta@gmail.com,23602047,7185,30100,ELDORET,KENYA,7185,30100,ELDORET,KENYA,F
38491,2019,CITADEL,103674,38491,ONDITI,ILLEEN,AWINO,710284261,awinoilleen@gmail.com,28717323,20333,200,NAIROBI,KENYA,20333,200,NAIROBI,KENYA,F
38492,2019,CITADEL,103675,38492,ODUOR,ISAIAH,RACHUONYO,702923418,oduorranda@gmail.com,28820193,7185,30100,ELDORET,KENYA,7185,30100,ELDORET,KENYA,M
38495,2019,CITADEL,103676,38495,THUKU,JAMES,NJOKU,711391996,www.jemmothukus@gmail.com,24387593,30200,562,KITALE,KENYA,30200,562,KITALE,KENYA,M
38496,2019,CITADEL,103677,38496,MUCHOKI,JANE,WAITHIRA,722164339,jane.muchoki@yahoo.com,10893136,2625,20100,NAKURU,KENYA,2625,20100,NAKURU,KENYA,F
38497,2019,CITADEL,103678,38497,KARISA,JESCAFAMY,NONE,720204301,kjassiemercy@yahoo.com,276227519,20333,200,NAIROBI,KENYA,20333,200,NAIROBI,KENYA,F
38498,2019,CITADEL,103679,38498,MTEITEI,JOCKTAN,MJAWASI,710544706,jockyanmteitei@gmail.com,29599681,186,6853,VOI,KENYA,186,6853,VOI,KENYA,M
38499,2019,CITADEL,103680,38499,DONGE,JOHNSTONE,RICHARD,714172984,dongejo@gmail.com,20758302,900,40100,KISUMU,KENYA,900,40100,KISUMU,KENYA,M
38500,2019,CITADEL,103681,38500,OBIERO,JOSEPH,ODUOR,729093277,pasjoseph124@gmail.com,25967485,7185,30100,ELDORET,KENYA,7185,30100,ELDORET,KENYA,M
38501,2019,CITADEL,103682,38501,NABUYUMBU,JOSEPHINE,NORAH,797600967,josephinenabuyumbu@gmail.com,33095872,562,,KITALE,KENYA,562,,KITALE,KENYA,F
38502,2019,CITADEL,103683,38502,KOMEN,JOSPHAT,KIBET,726523950,josphatkomen3@gmail.com,31862932,2625,,NAKURU,KENYA,2625,,NAKURU,KENYA,M
38503,2019,CITADEL,103684,38503,NGUI,KELVIN,KIKANU,702380471,kelvinkikanu@yahoo.com,31853715,477,90100,MACHAKOS,KENYA,477,90100,MACHAKOS,KENYA,M
38504,2019,CITADEL,103685,38504,WANDIE,KEVIN,MWAURA,724316482,kevwandy@gmail.com,25241400,,,NAIROBI,KENYA,,,NAIROBI,KENYA,M
38506,2019,CITADEL,103686,38506,NJERU,LINA,MUTHONI,722367036,linanjeru17@gmail.com,14676618,61807,200,NAIROBI,KENYA,61807,200,NAIROBI,KENYA,F
38507,2019,CITADEL,103687,38507,MUTISYA,LUCY,NZILANI,715644675,lmutisya919@gmail.com,28541925,477,90100,MACHAKOS,KENYA,477,90100,MACHAKOS,KENYA,F
38510,2019,CITADEL,103688,38510,MWANGI,MARY,WANGUI,791036536,marymwangi02@gmail.com,28366911,2625,20100,NAKURU,KENYA,2625,20100,NAKURU,KENYA,F
38511,2019,CITADEL,103689,38511,WAFULA,MASINDE,NATHAN,718653204,changalwanathan92@gmail.com,29175408,2562,100,THIKA,KENYA,2562,100,THIKA,KENYA,M
38512,2019,CITADEL,103690,38512,WARINDA,PAMELA,AUMA,724115779,aumapamela45@gmail.com,14478989,7185,30100,ELDORET,KENYA,7185,30100,ELDORET,KENYA,F
38513,2019,CITADEL,103691,38513,JUMA,PAUL,KASYOKI,705171002,pauljuma45@gmail.com,32154061,477,90100,MACHAKOS,KENYA,477,90100,MACHAKOS,KENYA,M
38514,2019,CITADEL,103692,38514,MAKAMBI,PETER,OTARA,727919008,makam3bey@gmail.com,9372498,477,90100,MACHAKOS,KENYA,477,90100,MACHAKOS,KENYA,M
38516,2019,CITADEL,103693,38516,JAMES,RUTH,NZILANI,719312345,dummy18@gmail.com,30288514,477,90100,MACHAKOS,KENYA,477,90100,MACHAKOS,KENYA,F
38517,2019,CITADEL,103694,38517,MOGOI,BARONGO,SAMSON,719689508,senghormogoi@gmail.com,30230283,775,40200,KISII,KENYA,775,40200,KISII,KENYA,M
38518,2019,CITADEL,103695,38518,NJUGUNA,RAHAB,WANGARI,727133050,dummy19@gmail.com,25152618,20333,,NAIROBI,KENYA,20333,,NAIROBI,KENYA,F
38519,2019,CITADEL,103696,38519,NJOROGE,DAMARIS,WAMBUI,711590616,simon.muna123@gmail.com,20698091,2625,20100,NAKURU,KENYA,2625,20100,NAKURU,KENYA,M
38520,2019,CITADEL,103697,38520,NYANGWESO,SOLPHAN,ABUKUTSA,728498271,solphan112gassar@gmail.com,27590346,900,70100,KISUMU,KENYA,900,70100,KISUMU,KENYA,M
38521,2019,CITADEL,103698,38521,NJUE,SUSAN,WANGARI,714165823,susanwanjue04@gmail.com,27062810,22094,100,NAIROBI,KENYA,22094,100,NAIROBI,KENYA,F
38522,2019,CITADEL,103699,38522,MUTUKU,TERESIA,NDUNGE,700885316,imutuku@pioneerassurance.co.ke,28894144,477,90100,MACHAKOS,KENYA,477,90100,MACHAKOS,KENYA,F
38526,2019,CITADEL,103700,38526,MWAI,ANNE,NDUTA,721393145,ndutamwai5@gmail.com,24405058,117,1000,THIKA,KENYA,117,1000,THIKA,KENYA,F
38527,2019,CITADEL,103701,38527,SAMBA,BENSON,NAFTALI,721304423,nafsamba@yahoo.com,9928645,3507,40200,KISII,KENYA,3507,40200,KISII,KENYA,M
38528,2019,CITADEL,103702,38528,MUNYAO,BOSCO,KYENGO,,boscomunyao15@gmail.com,3347599,3232,,NAIROBI,KENYA,3232,,NAIROBI,KENYA,M
38530,2019,CITADEL,103703,38530,GITUMA,CAROLINE,KENDI,729006128,cgtush@gmail.com,26368818,319,60200,MERU,KENYA,319,60200,MERU,KENYA,F
38532,2019,CITADEL,103704,38532,CHERUTOI,JEPKOECH,NONE,728723446,valarycherutoi@yahoo.com,26121057,283,20200,KERICHO,KENYA,283,20200,KERICHO,KENYA,F
38533,2019,CITADEL,103705,38533,INGUMBA,EUNICE,MUKOSERO,710251604,eingumba@yahoo.com,24815413,2362,50100,KAKAMEGA,KENYA,2362,50100,KAKAMEGA,KENYA,F
38534,2019,CITADEL,103706,38534,MUKONYI,EVANS,MWALATI,725059360,evanmukongi@gmail.com,26212362,2362,50100,KAKAMEGA,KENYA,2362,50100,KAKAMEGA,KENYA,M
38535,2019,CITADEL,103707,38535,MBOK,FLORA,ADHIAMBO,715276820,florambok88@gmail.com,26126436,3030,,KISUMU,KENYA,3030,,KISUMU,KENYA,F
38536,2019,CITADEL,103708,38536,KALAMU,HARRISON,KASAYA,704481157,harrisonkasaya@gmail.com,30159021,792,50205,WEBUYE,KENYA,792,50205,WEBUYE,KENYA,M
38538,2019,CITADEL,103709,38538,CHAHALE,HILDAH,MMBONE,790334428,hildahchahale@gmail.com,31455632,992,,KAPSABET,KENYA,992,,KAPSABET,KENYA,F
38539,2019,CITADEL,103710,38539,MOMANYI,INNOCENT,MOGAKA,700060646,momainnocent@gmail.com,31750046,1105,,KISII,KENYA,1105,,KISII,KENYA,M
38540,2019,CITADEL,103711,38540,OTIENO,JACKLINE,ACHIENG,707127106,dummy20@gmail.com,30730709,2565,40100,KISUMU,KENYA,2565,40100,KISUMU,KENYA,F
38541,2019,CITADEL,103712,38541,TAITI,JOEL,KAGERA,715284857,kagtaiti@gmail.com,22357476,161,10100,NYERI,KENYA,161,10100,NYERI,KENYA,M
38542,2019,CITADEL,103713,38542,NDUNDA,LYNN,NDINDA,726530388,lynnndunda@gmail.com,31425900,,,KIKUYU,KENYA,,,KIKUYU,KENYA,F
38543,2019,CITADEL,103714,38543,JUMA,WANGA,MARTIN,721670900,martinekeirah#@gmail.com,28839739,,,NAIROBI,KENYA,,,NAIROBI,KENYA,M
38544,2019,CITADEL,103715,38544,JALEGA,MAUREEN,NONE,712018109,maureenjalega@gmail.com,26201305,2362,50100,KAKAMEGA,KENYA,2362,50100,KAKAMEGA,KENYA,F
38545,2019,CITADEL,103716,38545,OUMA,MICHAEL,ODUOR,710487283,oumamyk12@gmail.com,31644571,644,,KISUMU,KENYA,644,,KISUMU,KENYA,M
38547,2019,CITADEL,103717,38547,M'MUTIGA,MOSES,KIOGORA,712157327,mosesmutiga@gmail.com,13181719,212,60200,MERU,KENYA,212,60200,MERU,KENYA,M
38548,2019,CITADEL,103718,38548,OKUTA,MYRONE,OUMA,706592526,okutaouma97@gmail.com,36227482,400,25005,KISUMU,KENYA,400,25005,KISUMU,KENYA,M
38549,2019,CITADEL,103719,38549,KAARA,NAFTALY,KIMANI,723578671,kkaaras58@gmail.com,A2310783,803,100,NAIROBI,KENYA,803,100,NAIROBI,KENYA,M
38550,2019,CITADEL,103720,38550,KIMUYU,PATRICK,KILONZO,737732553,kimuyupatrick@gmail.com,23982269,26702,504,NAIROBI,KENYA,26702,504,NAIROBI,KENYA,M
38551,2019,CITADEL,103721,38551,KARIMI,PETER,MACHARIA,701597525,cpamachariak@gmail.com,32704358,289,10100,,KENYA,289,10100,,KENYA,M
38554,2019,CITADEL,103722,38554,RAEL,WAKHURA,NONE,721836541,raelwakhura@gmail.com,21979938,2362,50100,KAKAMEGA,KENYA,2362,50100,KAKAMEGA,KENYA,F
38556,2019,CITADEL,103723,38556,OPONDO,ROBERT,FANUEL,729580921,robertfanuelopondo250@gmail.com,29819676,876,40100,KISUMU,KENYA,876,40100,KISUMU,KENYA,M
38557,2019,CITADEL,103724,38557,MUSOMBA,SCHOLASTICA,MWENDE,725575574,gabbyscholar@gmail.com,31740862,8370,100,NAIROBI,KENYA,8370,100,NAIROBI,KENYA,F
38558,2019,CBA,103725,38558,NAMAYI-RIBIRU,EDINA,AMAKOBE,735683361,edina.ribiru@gmail.com,22319338,,,NAIROBI,KENYA,,,NAIROBI,KENYA,F
38559,2019,CITADEL,103726,38559,ALUSIOLA,KHALIESA,SHEILLA,722597353,sheilakhalie59@gmail.com,21184039,26261,100,NAIROBI,KENYA,26261,100,NAIROBI,KENYA,F
38560,2019,CITADEL,103727,38560,WAIRAGU,STELLA,NJERI,711844209,stellawairagu@gmail.com,33607038,206,,MURANG'A,KENYA,206,,MURANG'A,KENYA,F
38561,2019,CITADEL,103728,38561,OBONGO,WILSON,NONE,741827668,wilsonbongo@yahoo.com,988577,2576,40100,KISUMU,KENYA,2576,40100,KISUMU,KENYA,M
38565,2019,CITADEL,103729,38565,WANYEKI,EUNICE,WAMBUI,703834469,eunicemungai906@gmail.com,32944693,713,10400,NANYUKI,KENYA,713,10400,NANYUKI,KENYA,F
38567,2019,CITADEL,103730,38567,KYALO,MAGDALENE,KAMENE,721860154,magdalene.ombati@gmail.com,23168036,21006,100,NAIROBI,KENYA,21006,100,NAIROBI,KENYA,F
38568,2019,CITADEL,103731,38568,MAINGI,MARIAH ROSAH,KINANU,724003949,maingimariah@gmail.com,22673607,682,60200,MERU,KENYA,682,60200,MERU,KENYA,F
38570,2019,CITADEL,103732,38570,MUENDO,SAMUEL,MUTHUI,724729592,mwendosamuel266@gmail.com,321778327,30389,100,NAIROBI,KENYA,30389,100,NAIROBI,KENYA,M
38571,2019,CITADEL,103733,38571,KARIUKI,STELLA,MUTHONI,723274594,stellamuthonik@gmail.com,30663643,124,10103,MUKURWEINI,KENYA,124,10103,MUKURWEINI,KENYA,F
38573,2019,CITADEL,103734,38573,WACHIRA,WILSON,MURAYA,748383653,willymurash@gmail.com,35778719,,,NANYUKI,KENYA,,,NANYUKI,KENYA,M
38575,2019,CITADEL,103735,38575,KITI,ALFRED,MWAKUNI,725267897,alfredmwakuni@gmail.com,20968302,90101,80100,MOMBASA,KENYA,90101,80100,MOMBASA,KENYA,M
38576,2019,CITADEL,103736,38576,KILEL,ALICE,CHEPKOECH,721791522,alicekilel@gmail.com,22968882,1030,30300,KAPSABET,KENYA,1030,30300,KAPSABET,KENYA,F
38577,2019,CITADEL,103737,38577,MUSYAWA,ANITA,MUTHOKI,741532821,anitamuthoki17@gmail.com,31208076,83449,80100,MOMBASA,KENYA,83449,80100,MOMBASA,KENYA,F
38578,2019,CITADEL,103738,38578,JEPKOECH,ANNA,NONE,705653936,annagiftpromise@gmail.com,29767054,1500,902,KIKUYU,KENYA,1500,902,KIKUYU,KENYA,F
38579,2019,CITADEL,103739,38579,WABERE,ANN,WANJIKU,713587916,ann.wabere@life.icealion.com,16109762,372,10106,OTHAYA,KENYA,372,10106,OTHAYA,KENYA,F
38580,2019,,103740,38580,KIMANI,ANTHONY,MACHARIA,721694296,dummy21@gmail.com,13223172,772,217,LIMURU,KENYA,772,217,LIMURU,KENYA,M
38581,2019,CITADEL,103741,38581,ODUK,BERYL,ATIENO,702135824,batieno61@yahoo.com,23518562,2585,200,KISUMU,KENYA,2585,200,KISUMU,KENYA,F
38582,2019,CITADEL,103742,38582,NGATA,CAROLINE,WAIRIMU,712761137,carolynengatia@gmail.com,33525703,12101,20100,NAKURU,KENYA,12101,20100,NAKURU,KENYA,F
38583,2019,CITADEL,103743,38583,RANDAH,CLINTON,OCHIENG,703974931,crandah@gmail.com,30812152,57,30404,ELDORET,KENYA,57,30404,ELDORET,KENYA,M
38584,2019,CITADEL,103744,38584,OHURU,DENNIS,OCHIENG,70372560,denbujabs@gmail.com,31095542,111,40614,SEGA,KENYA,111,40614,SEGA,KENYA,M
38585,2019,CITADEL,103745,38585,KINOTI,DOROTHY,KAGWIRIA,728948409,dorothykinoti64@gmail.com,28314561,29,60202,NKUBU,KENYA,29,60202,NKUBU,KENYA,F
38586,2019,CITADEL,103746,38586,KANAM,EDWINE,OKOTH,719382306,edwineskanam@gmail.com,27763134,4807,30100,ELDORET,KENYA,4807,30100,ELDORET,KENYA,M
38587,2019,CITADEL,103747,38587,LIMO,ELVIS,KIPYEGO,700234008,limoelvis32@gmail.com,29115379,300,30300,ELDORET,KENYA,300,30300,ELDORET,KENYA,M
38588,2019,CITADEL,103748,38588,MWITI,EMILY,NKIROTE,711347103,emilynkirote15@gmail.com,27080129,1379,60200,MERU,KENYA,1379,60200,MERU,KENYA,F
38589,2019,CITADEL,103749,38589,KIARIE,EUNICE,WANJIRU,718263817,eshirokiarie@gmail.com,26368214,1127,241,KITENGELA,KENYA,1127,241,KITENGELA,KENYA,F
38590,2019,CITADEL,103750,38590,NTHULI,FAITH,MUKULU,725168500,faith.makulu@life.icealion.com,14715088,54146,200,NAIROBI,KENYA,54146,200,NAIROBI,KENYA,F
38592,2019,CITADEL,103751,38592,ALUOCH,GRACE,CELINE,722137685,ochiengceline@gmail.com,23039565,46143,100,NAIROBI,KENYA,46143,100,NAIROBI,KENYA,F
38596,2019,CITADEL,103752,38596,MENZA,JOSEPH,BUNGE,726068573,bungejoseph@gmail.com,25338660,90101,,MOMBASA,KENYA,90101,,MOMBASA,KENYA,M
38597,2019,CITADEL,103753,38597,MURIITHI,JOSEPHINE,NJOKI,724112733,"josekihu,ba73@gmail.com",13321003,130,520,NAIROBI,KENYA,130,520,NAIROBI,KENYA,F
38598,2019,CITADEL,103754,38598,MWASI,JOSHUA,MJOMBA,716312961,joshwalez@gmail.com,33991981,455,211,ONGATA RONGAI,KENYA,455,211,ONGATA RONGAI,KENYA,M
38599,2019,CITADEL,103755,38599,JUWERIYA,NAJIM,NONE,741151446,juweryanajim25@gmail.com,34687363,90101,80100,MOMBASA,KENYA,90101,80100,MOMBASA,KENYA,F
38600,2019,CITADEL,103756,38600,OPIYO,KAREN,NABWIRE,705432145,kakibisu79@gmail.com,22092999,846,100,NAIROBI,KENYA,846,100,NAIROBI,KENYA,F
38601,2019,CITADEL,103757,38601,KEN,MUTETHIA,NONE,719213306,ken.mutethia@yahoo.com,28201414,1386,60200,MERU,KENYA,1386,60200,MERU,KENYA,M
38602,2019,CITADEL,103758,38602,MWANGI,LOISE,MUTHONI,727538073,loise.mwangi@life.icealion.com,1074532,6333,200,NAIROBI,KENYA,6333,200,NAIROBI,KENYA,F
38604,2019,CITADEL,103759,38604,CHEROGONY,MARY,NONE,722882543,mcherogony@yahoo.com,13067661,14124,100,NAIROBI,KENYA,14124,100,NAIROBI,KENYA,F
38606,2019,CITADEL,103760,38606,NJOGU,NAOMI,WANJIKU,729711056,niwanjiku86@yahoo.com,26341961,,,ELDORET,KENYA,,,ELDORET,KENYA,F
38608,2019,CITADEL,103761,38608,NANGABO,NICHOLAS,AMBEMBE,714230690,nambembe6@gmail.com,28497877,46143,100,NAIROBI,KENYA,46143,100,NAIROBI,KENYA,M
38611,2019,CITADEL,103762,38611,MACHARIA,RISPER,WANJIRU,724214043,rispermacharia45@gmail.com,34206014,341,1000,THIKA,KENYA,341,1000,THIKA,KENYA,F
38613,2019,CITADEL,103763,38613,ONYANGO,ROSMEL,ATIENO,724497242,rosmel.atieno@gmail.com,24044755,3728,40100,KISUMU,KENYA,3728,40100,KISUMU,KENYA,F
38614,2019,CITADEL,103764,38614,NAMONYO,SAMUEL,SIMIYU,722950178,namonho@gmail.com,23970202,4008,30200,KITALE,KENYA,4008,30200,KITALE,KENYA,M
38617,2019,CITADEL,103765,38617,METIOKIO,WILFRED,MOKWANYI,713576568,metiokiowilfred4@gmail.com,26951797,1445,,KISII,KENYA,1445,,KISII,KENYA,M
38618,2019,CITADEL,103766,38618,WANDERA,WILKISTER,MAGERO,703840582,wilkisterw@gmail.com,13670229,63085,200,NAIROBI,KENYA,63085,200,NAIROBI,KENYA,F
38620,2019,CITADEL,103767,38620,WANJIKU,WYCLIFFE,GATURUKU,704956122,wycliffewainaina@gmail.com,31366310,1256,502,NAIROBI,KENYA,1256,502,NAIROBI,KENYA,M
38621,2019,CITADEL,103768,38621,KIMAMA,ALEXANDER,MWANGI,722701333,alex@jahazi.insurance,9137955,38522,623,NAIROBI,KENYA,38522,623,NAIROBI,KENYA,M
38622,2019,DIRECTLINE,103769,38622,MUTHEE,ALICE,WANJIRU,799274019,ceciliamuthee264@gmail.com,36938774,23615,625,NAIROBI,KENYA,23615,625,NAIROBI,KENYA,F
38623,2019,CITADEL,103770,38623,KIOKO,ANNASTACIA,WAVINYA,724224035,dummy22@gmail.com,28456546,100562,101,NAIROBI,KENYA,100562,101,NAIROBI,KENYA,F
38624,2019,CITADEL,103771,38624,MUTIIRIA,ASA,GITONGA,729740672,dummy23@gmail.com,,461430,100,,,461430,100,,,M
38625,2019,CITADEL,103772,38625,OTIENO,CALVINCE,OMOLLO,725634761,otienocalvince2014@gmail.com,32133339,45,40100,KISUMU,KENYA,45,40100,KISUMU,KENYA,M
38626,2019,CITADEL,103773,38626,KIPROP,KIPRUTO,CASTRO,729504905,castrolkipruto@gmail.com,32270219,3874,30100,ELDORET,KENYA,3874,30100,ELDORET,KENYA,M
38627,2019,CITADEL,103774,38627,KIMANI,EDITH,WAITHERA,790340975,edithkimani02@gmail.com.,35234404,8,223,KAGWE,KENYA,8,223,KAGWE,KENYA,F
38628,2019,CITADEL,103775,38628,NGATIA,EPHRAIM,MURIMI,716604600,ephraimmurimi@yahoo.com,22845075,1032,10300,KERUGOYA,KENYA,1032,10300,KERUGOYA,KENYA,M
38629,2019,CITADEL,103776,38629,THUO,ERIC,KAMAU,765427753,erick.thuo@gmail.com,22706039,584,1030,GATUNDU,KENYA,584,1030,GATUNDU,KENYA,M
38631,2019,CITADEL,103777,38631,MUTUKU,FELIX,MULWA,715346722,femulwa@gmail.com,29290765,42833,100,NAIROBI,KENYA,42833,100,NAIROBI,KENYA,M
38632,2019,CITADEL,103778,38632,ONYANGO,FRANCIS,OTIENO,719111054,francisonyango462@gmail.com,24545913,2144,40100,KISUMU,KENYA,2144,40100,KISUMU,KENYA,M
38633,2019,CITADEL,103779,38633,OLACK,AKINYI,GRACE,724758760,graceolack@gmail.com,14669019,3794,40100,KISUMU,KENYA,3794,40100,KISUMU,KENYA,F
38635,2019,CITADEL,103780,38635,MWANGI,JOHN,KARIUKI,721255927,john.kariuki@amicacs.co.ke,11273991,816,10200,MURANG`A,KENYA,816,10200,MURANG`A,KENYA,M
38636,2019,CITADEL,103781,38636,MWANGI,JHN,NDICHU,720692861,jndichu@intraafrica.co.ke,11189385,43241,100,NAIROBI,KENYA,43241,100,NAIROBI,KENYA,M
38637,2019,CITADEL,103782,38637,MBEKENYA,JOSEPH,MAINA,720711020,royalbusinessexperts@gmail.com,23530847,872,605,NAIROBI,KENYA,872,605,NAIROBI,KENYA,M
38638,2019,CITADEL,103783,38638,MWAURA,JOYCELINE,WAMBUI,719370032,lynwamboi18@gmail.com,35691547,62157,200,NAIROBI,KENYA,62157,200,NAIROBI,KENYA,M
38639,2019,CITADEL,103784,38639,NYAGA,JUSTIN,GITONGA,720258426,jrichnyagah@gmail.com,22808837,37361,100,NAIROBI,KENYA,37361,100,NAIROBI,KENYA,M
38640,2019,CITADEL,103785,38640,NJAY,MOSES,MWANGI,728055324,moskium32@yahoo.com,25849411,,,NAIROBI,KENYA,,,NAIROBI,KENYA,M
38641,2019,CITADEL,103786,38641,KINUTHIA,NANCY,WAIRIMU,722614503,wairikin@yahoo.com,3679252,2458,100,NAIROBI,KENYA,2458,100,NAIROBI,KENYA,F
38642,2019,CITADEL,103787,38642,MARACHA,PETER,THUKU,726762714,peterthuku0@gmail.com,28644603,1192,900,KIAMBU,KENYA,1192,900,KIAMBU,KENYA,M
38644,2019,CITADEL,103788,38644,MACHOKA,MOIGE,SHARLYN,729729713,shamachoka@gmail.com,32241570,1609,30200,KITALE,KENYA,1609,30200,KITALE,KENYA,F
38645,2019,CITADEL,103789,38645,AKWIRI,SHARON,ACHIENG,726326705,achiengsharon27@gmail.com,30087916,6320,40100,KISUMU,KENYA,6320,40100,KISUMU,KENYA,F
38646,2019,CITADEL,103790,38646,OBONYO,SHARON,ATIENO,700434611,satienoobonyo@yahoo.com,26215348,1561,40100,KISUMU,KENYA,1561,40100,KISUMU,KENYA,F
38648,2019,CITADEL,103791,38648,AUGO,STELLA,ATIENO,725570395,stellahaugo7@gmail.com,24244055,29,40308,SINDO,KENYA,29,40308,SINDO,KENYA,F
38649,2019,CITADEL,103792,38649,ARAMI,TORIS,LAURA,713788114,lauraarami@gmail.com,25003659,100772,100,NAIROBI,KENYA,100772,100,NAIROBI,KENYA,F
38650,2019,CITADEL,103793,38650,ODIPO,WENDY,RHODA,703838952,rhodawendy8@gmail.com,29353921,401,40300,HOMABAY,KENYA,401,40300,HOMABAY,KENYA,F
38651,2019,CITADEL,103794,38651,MWANGI,SAMUEL,IRUNGU,724975175,sirmiesam2@gmail.com,25816095,34530,100,NAIROBI,KENYA,34530,100,NAIROBI,KENYA,M
38655,2019,ODEL,103795,38655,MUCHIRI,PAULINE,WANJIKU,708336879,muchiripauline7@gmail.com,33687771,4852400100,100,NAIROBI,KENYA,4852400100,100,NAIROBI,KENYA,F
38659,2019,CBA,103796,38659,MUCHUNKU,MICHELLE,GAKENGI,714327683,michelle.muchnku@gmail.com,27750451,21324,100,NAIROBI,KENYA,21324,100,NAIROBI,KENYA,F
38660,2019,CBA,103797,38660,NDETI,GEORGE,MINYITHYA,720949347,geechilx@gmail.com,25081745,15248,400,NAIROBI,KENYA,15248,400,NAIROBI,KENYA,M
38661,2019,CBA,103798,38661,MEME,DOREEN,KARIMI,706221782,doreenkmeme@gmail.com,23220009,30437,100,NAIROBI,KENYA,30437,100,NAIROBI,KENYA,F
38662,2019,CBA,103799,38662,SEREM,BETSY,JEPCHUMBA,722700730,betsyserem@rocketmail,24364375,30437,100,NAIROBI,KENYA,30437,100,NAIROBI,KENYA,F
38663,2019,UAP OLDMUTUAL,103800,38663,KIMUGE,STEPHEN,SADALA,723957612,stephenkimuge30@gmail.com,29573782,31,30403,BARINGO,KENYA,31,30403,BARINGO,KENYA,F
38664,2019,SELF,103801,38664,SAGOO,JASRAJ,NONE,787100020,jasrajsagoo.js@gmail.com,29916444,45291,100,NAIROBI,KENYA,45291,100,NAIROBI,KENYA,M
38665,2019,ODEL,103802,38665,KAMAU,JANE,NJOKI,720845043,jane.k.isaac@gmail.com,22538008,1357,20117,NAIVASHA,KENYA,1357,20117,NAIVASHA,KENYA,F
38670,2019,SELF,103803,38670,BARMAO,VICTOR,KIPROTICH,727568500,vibarmao@gmail.com,26188597,9362,30100,ELDORET,KENYA,9362,30100,ELDORET,KENYA,M
38671,2019,SELF,103804,38671,WAINAINA,ANN,WANJIKU,706334606,annwainaina22@gmail.com,32715835,334,216,KIAMBU,KENYA,334,216,KIAMBU,KENYA,F
38672,2019,SELF,103805,38672,MAGONDA,ROY   ISACK,WANDERA,708867057,royemilio367@gmail.com,30112724,126,50406,NAIROBI,KENYA,126,50406,NAIROBI,KENYA,M
38675,2019,SELF,103806,38675,MUROKI,NAFTALY,MWENDIA,711110421,naftaly1994@gmail.com,32446886,,,,,,,,,M
38677,2019,SELF,103807,38677,OWITI,JAMES,GUYA,728591882,jacksonjimmy423@gmail.com,33178121,1322,10300,NAIROBI,KENYA,1322,10300,NAIROBI,KENYA,M
38678,2019,SELF,103808,38678,WAIGI,MARY,WAMBUI,706573969,marywaigi14@gmail.com,29689424,548,,LIMURU,KENYA,548,,LIMURU,KENYA,F
38679,2019,SELF,103809,38679,SAMUEL,NJOROGE,NUTHU,722224291,samnuthu@gmail.com,12759026,21651,100,NAIROBI,KENYA,21651,100,NAIROBI,KENYA,M
38680,2019,BRITAM,103810,38680,MAUTI,CHARLES,OTONDI,710232016,otondimauti@gmail.com,27941529,252,40200,KISII,KENYA,252,40200,KISII,KENYA,M
38681,2019,SELF,103811,38681,NJENGA,IMMACULATE,WANGARI,712299105,imakx@yahoo.com,23720775,15535,503,MBAGATHI,KENYA,15535,503,MBAGATHI,KENYA,F
38682,2019,SELF,103812,38682,NJUGUNA,ANASTACIA,RUGURU,731493651,ruguruanastacia@gmail.com,23543291,59645,200,NAIROBI,KENYA,59645,200,NAIROBI,KENYA,F
38688,2019,MSA-C,103813,38688,OBUNA,ELLY,MUKHWANA,722457947,limukhwana@gmail.com,25450107,16018,610,NAIROBI,KENYA,16018,610,NAIROBI,KENYA,M
38697,2019,ODEL,103814,38697,KINUTHIA,JAMES,MWANGI,714043044,jameskinuthia11@gmail.com,27268017,,,NAIROBI,KENYA,,,NAIROBI,KENYA,M
38698,2019,SELF,103815,38698,HAJI,ABDILLATIF,ABDISALAN,714864178,abdikidman707@gmail.com,33357055,,,NAIROBI,KENYA,,,NAIROBI,KENYA,M
38699,2019,ODEL,103816,38699,MURAGURI,FAITH,MUTHONI,722614467,faithmuraguri93@gmail.com,30239519,4047,20100,NAKURU,KENYA,4047,20100,NAKURU,KENYA,F
38700,2019,ODEL,103817,38700,MAINA,JANE TERESA,WANJIRU,728078987,mainajtw@gmail.com,20718545,12169,400,NAIROBI,KENYA,12169,400,NAIROBI,KENYA,F
38702,2019,ODEL,103818,38702,OUMA,DOROTHY,ANYANGO,702783747,lynnettedorothy23@yahoo.com,33285155,,,NAIROBI,KENYA,,,NAIROBI,KENYA,F
38703,2019,CITADEL,103819,38703,KEBASO,ANNE,MORAA,720824504,anniekebb2@gmail.com,24181296,12298,100,NAIROBI,KENYA,12298,100,NAIROBI,KENYA,F
38704,2019,CITADEL,103820,38704,NJOKI,BETTY,FAVOUR,746020609,bettyfavour@gmail.com,30135085,46336,625,NAIROBI,KENYA,46336,625,NAIROBI,KENYA,F
38705,2019,CITADEL,103821,38705,KAMAU,CLEMENT,WAINAINA,722233063,clementkamau14@gmail.com,11591662,951,1000,THIKA,KENYA,951,1000,THIKA,KENYA,M
38706,2019,CITADEL,103822,38706,CHEPKOECH,EDNAH,NONE,797331800,chepkoechedna5@gmail.com,32244510,541,20200,KERICHO,KENYA,541,20200,KERICHO,KENYA,F
38707,2019,CITADEL,103823,38707,ONDARA,JEMIMA,KEMUNTO,721925944,jemimaondara@yahoo.com,23551642,,,MOMBASA,KENYA,,,MOMBASA,KENYA,F
38708,2019,CITADEL,103824,38708,OYUGAH,LEVINA,AKINYI,711499372,loyugah58@gmail.com,30984265,189,50406,FUNYULA,KENYA,189,50406,FUNYULA,KENYA,F
38709,2019,CITADEL,103825,38709,OKWARA,NEKESA,LILIAN,718075884,nekesa734@gmail.com,30873657,46143,100,NAIROBI,KENYA,46143,100,NAIROBI,KENYA,F
38710,2019,CITADEL,103826,38710,MWANGI,LOISE,WANJIRU,726278917,mwangiloise1@gmail.com,25138164,944,10200,MURANGA,KENYA,944,10200,MURANGA,KENYA,F
38711,2019,CITADEL,103827,38711,RUMUNYU,MARGARET,NJERI,719379878,maggie.rumunyu@gmail.com,29391403,284,511,ONGATA RONGAI,KENYA,284,511,ONGATA RONGAI,KENYA,F
38712,2019,CITADEL,103828,38712,MWANGI,MARY,GATHONI,726968826,mwangimarya215@gmail.com,28982574,123,10101,KARATINA,KENYA,123,10101,KARATINA,KENYA,F
38713,2019,CITADEL,103829,38713,CHEPKURUI,MERCY,NONE,714819721,mercychepkurui1@gmail.com,27158940,4,20200,KERICHO,KENYA,4,20200,KERICHO,KENYA,F
38714,2019,CITADEL,103830,38714,GACHIE,RUFUS,KARANJA,711327020,zedkaranja@gmail.com,33249888,63454,619,NAIROBI,KENYA,63454,619,NAIROBI,KENYA,M
38716,2019,CITADEL,103831,38716,KARANI,WILLIAM,MUTETHIA,724217864,dummy24@gmail.com,25948202,43241,100,NAIROBI,KENYA,43241,100,NAIROBI,KENYA,M
38717,2019,SELF,103832,38717,SANG'ALO,MAURINE,MWIMA,792282778,mourinemwima@gmail.com,23632262,142,50106,SHIANDA,KENYA,142,50106,SHIANDA,KENYA,F
38720,2019,SELF,103833,38720,WATAKI,PAUL,NONE,705807607,watakipaul@yahoo.com,24549501,14446,800,NAIROBI,KENYA,14446,800,NAIROBI,KENYA,M
